1,1.00001,1.00004,1.00009,1.00016,1.00025,1.00036,1.00049,1.00064,1.0008,1.00099,1.0012,1.00143,1.00168,1.00195,1.00223,1.00254,1.00287,1.00321,1.00358,1.00397,1.00437,1.0048,1.00525,1.00571,1.00619,1.0067,1.00722,1.00777,1.00833,1.00891,1.00951,1.01014,1.01078,1.01144,1.01212,1.01282,1.01354,1.01427,1.01503,1.01581,1.0166,1.01742,1.01825,1.01911,1.01998,1.02087,1.02178,1.02271,1.02366,1.02463,1.02561,1.02662,1.02764,1.02868,1.02975,1.03083,1.03192,1.03304,1.03418,1.03533,1.03651,1.0377,1.03891,1.04013,1.04138,1.04265,1.04393,1.04523,1.04655,1.04788,1.04924,1.05061,1.052,1.05341,1.05484,1.05628,1.05774,1.05922,1.06072,1.06223,1.06376,1.06531,1.06688,1.06846,1.07006,1.07168,1.07331,1.07497,1.07663,1.07832,1.08002,1.08174,1.08347,1.08523,1.08699,1.08878,1.09058,1.0924,1.09423,1.09608,1.09795
1,1.00004,1.00009,1.00015,1.00023,1.00033,1.00045,1.00058,1.00073,1.0009,1.00108,1.00129,1.00151,1.00175,1.00201,1.00229,1.00259,1.00291,1.00325,1.0036,1.00398,1.00437,1.00479,1.00522,1.00567,1.00614,1.00663,1.00714,1.00767,1.00821,1.00878,1.00936,1.00997,1.01059,1.01123,1.01189,1.01257,1.01327,1.01399,1.01472,1.01548,1.01625,1.01704,1.01785,1.01868,1.01953,1.02039,1.02127,1.02218,1.02309,1.02403,1.02499,1.02596,1.02695,1.02796,1.02899,1.03003,1.03109,1.03217,1.03326,1.03437,1.0355,1.03665,1.03781,1.03898,1.04018,1.04138,1.04261,1.04385,1.0451,1.04636,1.04764,1.04894,1.05024,1.05156,1.05289,1.05423,1.05558,1.05693,1.0583,1.05967,1.06104,1.06241,1.06378,1.06515,1.06651,1.06786,1.06918,1.07047,1.07173,1.07293,1.07405,1.07505,1.07591,1.07653,1.07679,1.07649,1.07519,1.072,1.0647,1.04715,1
1,1.00006,1.00013,1.0002,1.00029,1.0004,1.00052,1.00065,1.0008,1.00097,1.00115,1.00135,1.00157,1.00181,1.00206,1.00234,1.00263,1.00294,1.00326,1.00361,1.00397,1.00436,1.00476,1.00518,1.00561,1.00607,1.00655,1.00704,1.00755,1.00808,1.00863,1.0092,1.00978,1.01039,1.01101,1.01165,1.01231,1.01299,1.01368,1.0144,1.01513,1.01588,1.01664,1.01743,1.01823,1.01905,1.01989,1.02075,1.02162,1.02251,1.02342,1.02435,1.02529,1.02625,1.02722,1.02821,1.02922,1.03024,1.03128,1.03233,1.0334,1.03448,1.03558,1.03669,1.03782,1.03896,1.04011,1.04127,1.04245,1.04363,1.04483,1.04604,1.04725,1.04847,1.0497,1.05093,1.05217,1.0534,1.05464,1.05587,1.0571,1.05831,1.05951,1.0607,1.06185,1.06297,1.06405,1.06508,1.06603,1.06688,1.06761,1.06818,1.06853,1.06857,1.06818,1.06716,1.06519,1.0617,1.0557,1.0454,1.02783,1
1,1.00008,1.00016,1.00024,1.00034,1.00045,1.00057,1.00071,1.00086,1.00102,1.00121,1.0014,1.00162,1.00185,1.0021,1.00236,1.00265,1.00295,1.00326,1.0036,1.00395,1.00432,1.00471,1.00512,1.00554,1.00598,1.00644,1.00692,1.00742,1.00793,1.00846,1.00901,1.00958,1.01017,1.01077,1.01139,1.01203,1.01269,1.01336,1.01405,1.01476,1.01549,1.01623,1.01699,1.01777,1.01857,1.01938,1.02021,1.02106,1.02192,1.0228,1.02369,1.0246,1.02552,1.02647,1.02742,1.02839,1.02938,1.03038,1.03139,1.03241,1.03345,1.03451,1.03557,1.03664,1.03773,1.03882,1.03993,1.04104,1.04216,1.04329,1.04442,1.04556,1.0467,1.04783,1.04897,1.0501,1.05123,1.05235,1.05345,1.05454,1.0556,1.05663,1.05763,1.05859,1.05948,1.06031,1.06105,1.06167,1.06216,1.06246,1.06254,1.0623,1.06166,1.06046,1.05849,1.05541,1.05073,1.04372,1.03339,1.01875,1
1,1.00009,1.00018,1.00027,1.00037,1.00049,1.00061,1.00075,1.0009,1.00106,1.00124,1.00144,1.00165,1.00187,1.00211,1.00237,1.00265,1.00294,1.00324,1.00357,1.00391,1.00427,1.00465,1.00504,1.00545,1.00588,1.00632,1.00678,1.00727,1.00776,1.00828,1.00881,1.00936,1.00993,1.01051,1.01111,1.01173,1.01237,1.01302,1.01369,1.01438,1.01509,1.01581,1.01654,1.0173,1.01807,1.01885,1.01966,1.02047,1.02131,1.02216,1.02302,1.0239,1.02479,1.0257,1.02662,1.02755,1.0285,1.02946,1.03043,1.03142,1.03241,1.03342,1.03443,1.03546,1.03649,1.03753,1.03858,1.03963,1.04069,1.04174,1.0428,1.04386,1.04492,1.04597,1.04702,1.04805,1.04907,1.05007,1.05105,1.052,1.05292,1.05379,1.05462,1.05538,1.05606,1.05665,1.05713,1.05746,1.05762,1.05755,1.0572,1.05649,1.05531,1.05352,1.05092,1.04722,1.04208,1.03505,1.02568,1.01379,1
1,1.00009,1.00019,1.00029,1.0004,1.00052,1.00064,1.00078,1.00093,1.00109,1.00127,1.00146,1.00166,1.00188,1.00212,1.00237,1.00263,1.00291,1.00321,1.00352,1.00386,1.0042,1.00457,1.00495,1.00534,1.00576,1.00619,1.00663,1.0071,1.00758,1.00808,1.00859,1.00913,1.00968,1.01024,1.01082,1.01142,1.01204,1.01267,1.01332,1.01399,1.01467,1.01537,1.01608,1.01681,1.01755,1.01831,1.01909,1.01988,1.02068,1.0215,1.02234,1.02318,1.02404,1.02492,1.02581,1.0267,1.02761,1.02854,1.02947,1.03041,1.03136,1.03232,1.03329,1.03427,1.03525,1.03623,1.03722,1.03822,1.03921,1.0402,1.04119,1.04217,1.04315,1.04412,1.04507,1.04601,1.04693,1.04782,1.04868,1.0495,1.05028,1.05101,1.05167,1.05225,1.05274,1.05311,1.05335,1.05343,1.0533,1.05292,1.05223,1.05115,1.04958,1.0474,1.04443,1.04049,1.03532,1.02871,1.02049,1.01075,1
1,1.0001,1.0002,1.0003,1.00042,1.00053,1.00066,1.0008,1.00095,1.00111,1.00128,1.00146,1.00166,1.00188,1.0021,1.00235,1.0026,1.00288,1.00316,1.00347,1.00379,1.00412,1.00447,1.00484,1.00522,1.00562,1.00604,1.00647,1.00692,1.00738,1.00787,1.00836,1.00888,1.00941,1.00996,1.01052,1.0111,1.0117,1.01231,1.01293,1.01358,1.01424,1.01491,1.0156,1.01631,1.01703,1.01776,1.01851,1.01927,1.02005,1.02084,1.02164,1.02246,1.02329,1.02413,1.02498,1.02585,1.02672,1.0276,1.0285,1.0294,1.03031,1.03122,1.03215,1.03307,1.034,1.03494,1.03587,1.0368,1.03774,1.03866,1.03958,1.0405,1.0414,1.04228,1.04315,1.044,1.04481,1.0456,1.04635,1.04705,1.0477,1.04828,1.04879,1.04921,1.04952,1.04971,1.04974,1.0496,1.04923,1.0486,1.04764,1.04629,1.04447,1.04205,1.03894,1.03497,1.03002,1.02398,1.01682,1.0087,1
1,1.0001,1.00021,1.00031,1.00043,1.00054,1.00067,1.00081,1.00095,1.00111,1.00128,1.00146,1.00165,1.00186,1.00208,1.00231,1.00256,1.00282,1.0031,1.00339,1.0037,1.00403,1.00436,1.00472,1.00509,1.00547,1.00587,1.00629,1.00673,1.00717,1.00764,1.00812,1.00862,1.00913,1.00966,1.0102,1.01076,1.01134,1.01193,1.01254,1.01316,1.0138,1.01445,1.01511,1.01579,1.01649,1.0172,1.01792,1.01866,1.01941,1.02017,1.02094,1.02173,1.02253,1.02333,1.02415,1.02498,1.02582,1.02667,1.02752,1.02838,1.02925,1.03012,1.031,1.03188,1.03276,1.03364,1.03452,1.0354,1.03627,1.03714,1.03799,1.03883,1.03966,1.04047,1.04125,1.04201,1.04274,1.04342,1.04407,1.04466,1.04518,1.04564,1.04601,1.04629,1.04644,1.04646,1.04632,1.04599,1.04543,1.0446,1.04345,1.04192,1.03994,1.03742,1.03428,1.03044,1.02581,1.02035,1.01412,1.00724,1
1,1.0001,1.00021,1.00032,1.00043,1.00055,1.00067,1.00081,1.00095,1.0011,1.00127,1.00144,1.00163,1.00183,1.00204,1.00227,1.00251,1.00276,1.00303,1.00331,1.00361,1.00392,1.00424,1.00458,1.00494,1.00531,1.0057,1.0061,1.00652,1.00695,1.0074,1.00787,1.00834,1.00884,1.00935,1.00988,1.01042,1.01097,1.01154,1.01213,1.01273,1.01334,1.01397,1.01462,1.01527,1.01594,1.01663,1.01732,1.01803,1.01875,1.01949,1.02023,1.02099,1.02176,1.02253,1.02332,1.02411,1.02492,1.02573,1.02654,1.02737,1.02819,1.02902,1.02986,1.03069,1.03152,1.03235,1.03318,1.034,1.03482,1.03562,1.03641,1.03719,1.03794,1.03868,1.03938,1.04006,1.0407,1.04129,1.04184,1.04232,1.04274,1.04308,1.04333,1.04348,1.0435,1.04338,1.04309,1.04261,1.0419,1.04092,1.03964,1.038,1.03594,1.03341,1.03034,1.02669,1.02241,1.01752,1.01206,1.00615,1
1,1.0001,1.00021,1.00032,1.00043,1.00054,1.00067,1.0008,1.00094,1.00109,1.00125,1.00142,1.0016,1.00179,1.00199,1.00221,1.00244,1.00269,1.00294,1.00321,1.0035,1.0038,1.00411,1.00444,1.00478,1.00514,1.00551,1.0059,1.0063,1.00672,1.00715,1.0076,1.00806,1.00854,1.00903,1.00954,1.01006,1.01059,1.01115,1.01171,1.01229,1.01288,1.01349,1.01411,1.01474,1.01539,1.01605,1.01672,1.0174,1.0181,1.0188,1.01952,1.02025,1.02098,1.02173,1.02248,1.02324,1.02401,1.02479,1.02557,1.02635,1.02714,1.02792,1.02871,1.0295,1.03029,1.03107,1.03185,1.03262,1.03338,1.03412,1.03485,1.03556,1.03625,1.03692,1.03755,1.03815,1.03871,1.03922,1.03967,1.04006,1.04038,1.04062,1.04076,1.0408,1.0407,1.04046,1.04005,1.03945,1.03863,1.03756,1.03619,1.03449,1.03242,1.02993,1.02699,1.02356,1.01964,1.01525,1.01043,1.0053,1
1,1.0001,1.00021,1.00031,1.00042,1.00054,1.00066,1.00078,1.00092,1.00106,1.00122,1.00138,1.00156,1.00174,1.00194,1.00215,1.00237,1.0026,1.00285,1.00311,1.00338,1.00367,1.00397,1.00428,1.00461,1.00496,1.00532,1.00569,1.00607,1.00648,1.00689,1.00732,1.00777,1.00823,1.0087,1.00919,1.00969,1.01021,1.01074,1.01128,1.01184,1.01241,1.013,1.01359,1.0142,1.01483,1.01546,1.01611,1.01677,1.01743,1.01811,1.0188,1.0195,1.02021,1.02092,1.02164,1.02237,1.02311,1.02384,1.02459,1.02533,1.02608,1.02683,1.02758,1.02832,1.02907,1.0298,1.03053,1.03125,1.03195,1.03264,1.03332,1.03397,1.0346,1.03519,1.03576,1.03629,1.03677,1.0372,1.03757,1.03788,1.03811,1.03826,1.03831,1.03824,1.03805,1.03771,1.03721,1.03653,1.03562,1.03448,1.03307,1.03136,1.02932,1.02691,1.02412,1.02093,1.01735,1.0134,1.00913,1.00463,1
1,1.0001,1.0002,1.0003,1.00041,1.00052,1.00064,1.00076,1.00089,1.00103,1.00118,1.00134,1.0015,1.00168,1.00187,1.00207,1.00228,1.00251,1.00274,1.00299,1.00325,1.00353,1.00382,1.00412,1.00444,1.00477,1.00511,1.00547,1.00584,1.00622,1.00662,1.00704,1.00747,1.00791,1.00836,1.00883,1.00932,1.00981,1.01033,1.01085,1.01139,1.01194,1.0125,1.01307,1.01366,1.01426,1.01487,1.01549,1.01612,1.01677,1.01742,1.01808,1.01875,1.01943,1.02011,1.0208,1.0215,1.0222,1.02291,1.02361,1.02432,1.02504,1.02575,1.02645,1.02716,1.02785,1.02855,1.02923,1.0299,1.03055,1.03119,1.03181,1.0324,1.03297,1.03351,1.03401,1.03447,1.03488,1.03524,1.03554,1.03577,1.03593,1.036,1.03596,1.03582,1.03555,1.03514,1.03456,1.03381,1.03286,1.03168,1.03026,1.02857,1.02658,1.02428,1.02165,1.0187,1.01543,1.01187,1.00806,1.00408,1
1,1.0001,1.00019,1.00029,1.0004,1.00051,1.00062,1.00074,1.00086,1.001,1.00114,1.00129,1.00145,1.00162,1.0018,1.00199,1.00219,1.0024,1.00263,1.00287,1.00312,1.00338,1.00366,1.00395,1.00425,1.00456,1.00489,1.00524,1.00559,1.00596,1.00635,1.00674,1.00716,1.00758,1.00802,1.00847,1.00894,1.00941,1.0099,1.01041,1.01093,1.01145,1.012,1.01255,1.01311,1.01369,1.01428,1.01487,1.01548,1.0161,1.01672,1.01736,1.018,1.01865,1.0193,1.01996,1.02063,1.0213,1.02197,1.02265,1.02332,1.024,1.02467,1.02534,1.026,1.02666,1.0273,1.02794,1.02857,1.02917,1.02976,1.03033,1.03087,1.03138,1.03186,1.03231,1.0327,1.03306,1.03335,1.03359,1.03375,1.03384,1.03384,1.03374,1.03353,1.03319,1.03272,1.0321,1.0313,1.03032,1.02913,1.02772,1.02606,1.02415,1.02197,1.01951,1.01679,1.0138,1.01058,1.00717,1.00362,1
1,1.00009,1.00019,1.00028,1.00038,1.00048,1.00059,1.0007,1.00082,1.00095,1.00109,1.00123,1.00138,1.00154,1.00171,1.00189,1.00209,1.00229,1.00251,1.00273,1.00297,1.00322,1.00349,1.00376,1.00405,1.00435,1.00467,1.005,1.00534,1.00569,1.00606,1.00644,1.00684,1.00725,1.00767,1.0081,1.00855,1.00901,1.00948,1.00996,1.01046,1.01097,1.01149,1.01202,1.01256,1.01311,1.01368,1.01425,1.01483,1.01543,1.01603,1.01663,1.01725,1.01787,1.0185,1.01913,1.01976,1.0204,1.02104,1.02168,1.02233,1.02296,1.0236,1.02423,1.02486,1.02547,1.02608,1.02668,1.02726,1.02782,1.02836,1.02888,1.02937,1.02983,1.03026,1.03065,1.03099,1.03129,1.03153,1.0317,1.03181,1.03184,1.03178,1.03162,1.03136,1.03098,1.03046,1.0298,1.02898,1.02799,1.02681,1.02542,1.02382,1.022,1.01994,1.01765,1.01513,1.0124,1.00948,1.00641,1.00323,1
1,1.00009,1.00018,1.00027,1.00036,1.00046,1.00056,1.00067,1.00078,1.0009,1.00103,1.00116,1.00131,1.00146,1.00162,1.0018,1.00198,1.00217,1.00238,1.00259,1.00282,1.00306,1.00331,1.00357,1.00385,1.00414,1.00444,1.00475,1.00508,1.00542,1.00577,1.00614,1.00652,1.00691,1.00731,1.00773,1.00815,1.00859,1.00905,1.00951,1.00999,1.01048,1.01098,1.01149,1.01201,1.01254,1.01308,1.01363,1.01419,1.01475,1.01533,1.01591,1.0165,1.01709,1.01769,1.0183,1.0189,1.01951,1.02012,1.02073,1.02134,1.02194,1.02255,1.02314,1.02373,1.02431,1.02488,1.02543,1.02597,1.02649,1.02699,1.02746,1.02791,1.02833,1.02871,1.02904,1.02934,1.02958,1.02977,1.0299,1.02995,1.02993,1.02982,1.02962,1.02932,1.0289,1.02835,1.02767,1.02684,1.02585,1.02469,1.02334,1.02181,1.02007,1.01814,1.01601,1.01369,1.01119,1.00854,1.00577,1.00291,1
1,1.00008,1.00017,1.00025,1.00034,1.00043,1.00053,1.00063,1.00074,1.00085,1.00097,1.0011,1.00123,1.00138,1.00153,1.00169,1.00186,1.00205,1.00224,1.00245,1.00266,1.00289,1.00313,1.00338,1.00364,1.00392,1.0042,1.0045,1.00481,1.00514,1.00548,1.00583,1.00619,1.00656,1.00695,1.00735,1.00776,1.00818,1.00861,1.00906,1.00952,1.00998,1.01046,1.01095,1.01145,1.01196,1.01248,1.01301,1.01354,1.01409,1.01464,1.01519,1.01576,1.01632,1.0169,1.01747,1.01805,1.01863,1.01921,1.01979,1.02036,1.02094,1.02151,1.02207,1.02262,1.02316,1.0237,1.02421,1.02471,1.02519,1.02565,1.02608,1.02649,1.02686,1.0272,1.02749,1.02774,1.02794,1.02808,1.02816,1.02818,1.02811,1.02797,1.02773,1.02739,1.02695,1.02638,1.02569,1.02486,1.02389,1.02275,1.02146,1.01999,1.01836,1.01654,1.01456,1.01242,1.01014,1.00772,1.00521,1.00262,1
1,1.00008,1.00015,1.00023,1.00032,1.0004,1.00049,1.00058,1.00068,1.00079,1.0009,1.00102,1.00115,1.00128,1.00143,1.00158,1.00174,1.00192,1.0021,1.00229,1.0025,1.00271,1.00294,1.00318,1.00343,1.00369,1.00396,1.00425,1.00454,1.00485,1.00517,1.00551,1.00585,1.00621,1.00658,1.00696,1.00736,1.00776,1.00818,1.0086,1.00904,1.00949,1.00995,1.01042,1.0109,1.01138,1.01188,1.01239,1.0129,1.01342,1.01394,1.01448,1.01501,1.01556,1.0161,1.01665,1.0172,1.01775,1.0183,1.01885,1.0194,1.01994,1.02048,1.02101,1.02153,1.02204,1.02254,1.02302,1.02348,1.02392,1.02434,1.02474,1.0251,1.02544,1.02573,1.02599,1.0262,1.02636,1.02646,1.02651,1.02648,1.02638,1.02621,1.02594,1.02558,1.02512,1.02455,1.02385,1.02303,1.02208,1.02099,1.01974,1.01835,1.01681,1.01512,1.01328,1.01131,1.00921,1.00701,1.00472,1.00237,1
1,1.00007,1.00014,1.00021,1.00029,1.00037,1.00045,1.00054,1.00063,1.00073,1.00083,1.00094,1.00106,1.00119,1.00132,1.00147,1.00162,1.00178,1.00195,1.00214,1.00233,1.00253,1.00275,1.00297,1.00321,1.00346,1.00372,1.00399,1.00427,1.00456,1.00487,1.00519,1.00552,1.00586,1.00621,1.00658,1.00695,1.00734,1.00774,1.00815,1.00856,1.00899,1.00943,1.00988,1.01034,1.01081,1.01128,1.01177,1.01226,1.01275,1.01326,1.01377,1.01428,1.0148,1.01532,1.01584,1.01636,1.01689,1.01741,1.01793,1.01845,1.01896,1.01947,1.01997,1.02046,1.02094,1.0214,1.02185,1.02228,1.02269,1.02307,1.02343,1.02376,1.02406,1.02432,1.02454,1.02471,1.02484,1.02491,1.02492,1.02487,1.02474,1.02454,1.02425,1.02388,1.02341,1.02283,1.02215,1.02134,1.02042,1.01937,1.01818,1.01687,1.01542,1.01384,1.01214,1.01031,1.00839,1.00638,1.00429,1.00216,1
1,1.00006,1.00013,1.00019,1.00026,1.00033,1.00041,1.00049,1.00057,1.00066,1.00076,1.00086,1.00097,1.00109,1.00121,1.00135,1.00149,1.00164,1.0018,1.00197,1.00215,1.00235,1.00255,1.00276,1.00298,1.00322,1.00347,1.00372,1.00399,1.00427,1.00456,1.00486,1.00518,1.0055,1.00584,1.00619,1.00655,1.00692,1.0073,1.00769,1.00809,1.0085,1.00892,1.00935,1.00979,1.01023,1.01069,1.01115,1.01162,1.01209,1.01257,1.01306,1.01355,1.01404,1.01454,1.01504,1.01554,1.01604,1.01653,1.01703,1.01752,1.018,1.01848,1.01895,1.01941,1.01986,1.02029,1.02071,1.0211,1.02148,1.02184,1.02216,1.02246,1.02272,1.02295,1.02314,1.02328,1.02338,1.02342,1.02341,1.02333,1.02318,1.02296,1.02266,1.02228,1.0218,1.02123,1.02056,1.01978,1.01889,1.01788,1.01676,1.01552,1.01416,1.01269,1.01111,1.00943,1.00766,1.00581,1.00391,1.00197,1
1,1.00006,1.00011,1.00017,1.00023,1.0003,1.00037,1.00044,1.00051,1.0006,1.00068,1.00078,1.00088,1.00098,1.0011,1.00122,1.00136,1.0015,1.00165,1.00181,1.00198,1.00216,1.00235,1.00255,1.00276,1.00298,1.00321,1.00346,1.00371,1.00398,1.00425,1.00454,1.00484,1.00515,1.00547,1.0058,1.00614,1.00649,1.00686,1.00723,1.00761,1.008,1.00841,1.00882,1.00924,1.00966,1.0101,1.01054,1.01099,1.01144,1.0119,1.01236,1.01283,1.0133,1.01377,1.01425,1.01472,1.01519,1.01567,1.01613,1.0166,1.01706,1.01751,1.01795,1.01838,1.0188,1.0192,1.01959,1.01996,1.02031,1.02063,1.02093,1.0212,1.02143,1.02163,1.02179,1.02191,1.02198,1.022,1.02196,1.02186,1.0217,1.02147,1.02116,1.02077,1.0203,1.01974,1.01908,1.01833,1.01748,1.01652,1.01546,1.01429,1.01302,1.01165,1.01018,1.00863,1.00701,1.00531,1.00357,1.00179,1
1,1.00005,1.0001,1.00015,1.0002,1.00026,1.00032,1.00038,1.00045,1.00052,1.0006,1.00069,1.00078,1.00088,1.00098,1.0011,1.00122,1.00135,1.00149,1.00164,1.0018,1.00196,1.00214,1.00233,1.00253,1.00274,1.00296,1.00319,1.00343,1.00368,1.00394,1.00421,1.0045,1.00479,1.0051,1.00541,1.00574,1.00607,1.00642,1.00677,1.00714,1.00751,1.0079,1.00829,1.00869,1.00909,1.00951,1.00993,1.01036,1.01079,1.01123,1.01167,1.01212,1.01256,1.01301,1.01347,1.01392,1.01437,1.01481,1.01526,1.0157,1.01613,1.01656,1.01697,1.01738,1.01777,1.01815,1.01851,1.01885,1.01917,1.01947,1.01974,1.01998,1.02019,1.02036,1.0205,1.02059,1.02064,1.02064,1.02058,1.02047,1.0203,1.02006,1.01975,1.01936,1.01889,1.01835,1.01771,1.01699,1.01617,1.01526,1.01426,1.01317,1.01198,1.0107,1.00935,1.00792,1.00642,1.00486,1.00327,1.00164,1
1,1.00004,1.00008,1.00013,1.00017,1.00022,1.00027,1.00033,1.00039,1.00045,1.00052,1.0006,1.00068,1.00077,1.00087,1.00097,1.00108,1.0012,1.00133,1.00147,1.00161,1.00177,1.00194,1.00211,1.0023,1.00249,1.0027,1.00292,1.00314,1.00338,1.00363,1.00389,1.00415,1.00443,1.00472,1.00502,1.00533,1.00565,1.00598,1.00632,1.00667,1.00702,1.00739,1.00776,1.00814,1.00853,1.00893,1.00933,1.00974,1.01015,1.01057,1.01099,1.01141,1.01184,1.01227,1.0127,1.01313,1.01355,1.01398,1.0144,1.01481,1.01522,1.01562,1.01601,1.01639,1.01676,1.01712,1.01745,1.01777,1.01806,1.01834,1.01858,1.0188,1.01899,1.01914,1.01926,1.01933,1.01936,1.01934,1.01927,1.01915,1.01897,1.01872,1.01841,1.01803,1.01757,1.01704,1.01643,1.01574,1.01497,1.01411,1.01316,1.01214,1.01103,1.00984,1.00859,1.00727,1.00589,1.00446,1.00299,1.0015,1
1,1.00003,1.00007,1.0001,1.00014,1.00018,1.00022,1.00027,1.00032,1.00038,1.00044,1.00051,1.00058,1.00066,1.00074,1.00084,1.00094,1.00105,1.00117,1.00129,1.00143,1.00157,1.00173,1.00189,1.00206,1.00225,1.00244,1.00264,1.00286,1.00308,1.00331,1.00356,1.00381,1.00408,1.00435,1.00463,1.00493,1.00523,1.00555,1.00587,1.0062,1.00654,1.00689,1.00724,1.0076,1.00797,1.00835,1.00873,1.00912,1.00952,1.00991,1.01032,1.01072,1.01113,1.01153,1.01194,1.01235,1.01275,1.01316,1.01355,1.01395,1.01433,1.01471,1.01508,1.01544,1.01578,1.01611,1.01643,1.01672,1.01699,1.01724,1.01747,1.01767,1.01783,1.01796,1.01806,1.01812,1.01813,1.0181,1.01802,1.01789,1.01771,1.01746,1.01715,1.01678,1.01634,1.01583,1.01524,1.01458,1.01385,1.01304,1.01215,1.01119,1.01016,1.00906,1.0079,1.00667,1.0054,1.00409,1.00275,1.00138,1
1,1.00003,1.00005,1.00008,1.00011,1.00014,1.00018,1.00021,1.00026,1.0003,1.00036,1.00041,1.00048,1.00055,1.00062,1.00071,1.0008,1.0009,1.001,1.00112,1.00124,1.00138,1.00152,1.00167,1.00183,1.002,1.00218,1.00237,1.00257,1.00278,1.003,1.00323,1.00347,1.00372,1.00398,1.00425,1.00453,1.00482,1.00511,1.00542,1.00573,1.00606,1.00639,1.00673,1.00707,1.00742,1.00778,1.00815,1.00852,1.00889,1.00927,1.00965,1.01004,1.01042,1.01081,1.0112,1.01159,1.01197,1.01235,1.01273,1.0131,1.01347,1.01382,1.01417,1.0145,1.01483,1.01514,1.01543,1.0157,1.01596,1.01619,1.01639,1.01657,1.01672,1.01683,1.01692,1.01696,1.01696,1.01692,1.01683,1.0167,1.01651,1.01627,1.01596,1.0156,1.01518,1.01469,1.01413,1.0135,1.01281,1.01205,1.01122,1.01032,1.00936,1.00834,1.00726,1.00613,1.00496,1.00376,1.00252,1.00126,1
1,1.00002,1.00004,1.00005,1.00008,1.0001,1.00013,1.00016,1.00019,1.00023,1.00027,1.00032,1.00037,1.00043,1.0005,1.00057,1.00065,1.00074,1.00084,1.00094,1.00106,1.00118,1.00131,1.00145,1.0016,1.00176,1.00192,1.0021,1.00229,1.00248,1.00269,1.00291,1.00313,1.00337,1.00361,1.00387,1.00413,1.0044,1.00468,1.00497,1.00527,1.00558,1.00589,1.00622,1.00654,1.00688,1.00722,1.00757,1.00792,1.00828,1.00864,1.009,1.00937,1.00973,1.0101,1.01047,1.01084,1.0112,1.01156,1.01192,1.01227,1.01262,1.01295,1.01328,1.0136,1.0139,1.01419,1.01446,1.01472,1.01495,1.01516,1.01535,1.01551,1.01565,1.01575,1.01582,1.01585,1.01584,1.01579,1.0157,1.01556,1.01538,1.01514,1.01484,1.0145,1.01409,1.01362,1.01309,1.0125,1.01185,1.01113,1.01036,1.00952,1.00863,1.00768,1.00668,1.00564,1.00456,1.00345,1.00231,1.00116,1
1,1.00001,1.00002,1.00003,1.00004,1.00006,1.00007,1.0001,1.00012,1.00015,1.00018,1.00022,1.00027,1.00032,1.00038,1.00044,1.00051,1.00059,1.00067,1.00077,1.00087,1.00098,1.0011,1.00123,1.00136,1.00151,1.00167,1.00183,1.002,1.00219,1.00238,1.00258,1.0028,1.00302,1.00325,1.00349,1.00374,1.00399,1.00426,1.00454,1.00482,1.00511,1.00541,1.00571,1.00603,1.00634,1.00667,1.007,1.00733,1.00767,1.00802,1.00836,1.00871,1.00906,1.00941,1.00976,1.01011,1.01045,1.01079,1.01113,1.01147,1.01179,1.01211,1.01242,1.01272,1.013,1.01327,1.01353,1.01376,1.01398,1.01418,1.01435,1.0145,1.01462,1.01471,1.01476,1.01479,1.01477,1.01472,1.01463,1.01449,1.0143,1.01407,1.01379,1.01345,1.01306,1.01262,1.01212,1.01156,1.01095,1.01028,1.00956,1.00878,1.00795,1.00707,1.00615,1.00519,1.00419,1.00317,1.00213,1.00107,1
1,1,1,1,1.00001,1.00001,1.00002,1.00004,1.00005,1.00007,1.0001,1.00013,1.00016,1.0002,1.00025,1.0003,1.00037,1.00043,1.00051,1.00059,1.00068,1.00078,1.00089,1.00101,1.00113,1.00127,1.00141,1.00156,1.00172,1.00189,1.00207,1.00226,1.00246,1.00267,1.00289,1.00311,1.00335,1.00359,1.00384,1.0041,1.00437,1.00464,1.00493,1.00522,1.00551,1.00582,1.00612,1.00644,1.00676,1.00708,1.0074,1.00773,1.00806,1.0084,1.00873,1.00906,1.00939,1.00972,1.01004,1.01036,1.01068,1.01099,1.01129,1.01158,1.01186,1.01213,1.01238,1.01262,1.01284,1.01304,1.01323,1.01338,1.01352,1.01363,1.01371,1.01376,1.01377,1.01375,1.0137,1.0136,1.01347,1.01329,1.01306,1.01279,1.01247,1.0121,1.01168,1.01121,1.01069,1.01011,1.00949,1.00881,1.00809,1.00732,1.00651,1.00566,1.00477,1.00386,1.00291,1.00195,1.00098,1
1,0.999992,0.999985,0.999979,0.999974,0.999972,0.999973,0.999977,0.999984,0.999995,1.00001,1.00003,1.00006,1.00009,1.00013,1.00017,1.00022,1.00028,1.00034,1.00042,1.0005,1.00059,1.00068,1.00079,1.0009,1.00102,1.00115,1.00129,1.00144,1.0016,1.00177,1.00195,1.00213,1.00233,1.00253,1.00274,1.00296,1.00319,1.00343,1.00367,1.00393,1.00419,1.00445,1.00473,1.00501,1.0053,1.00559,1.00589,1.00619,1.0065,1.00681,1.00712,1.00743,1.00775,1.00806,1.00838,1.00869,1.009,1.00931,1.00961,1.00991,1.0102,1.01049,1.01076,1.01103,1.01128,1.01152,1.01174,1.01195,1.01214,1.01231,1.01246,1.01258,1.01268,1.01275,1.01279,1.0128,1.01278,1.01272,1.01263,1.0125,1.01232,1.01211,1.01185,1.01155,1.0112,1.0108,1.01036,1.00987,1.00933,1.00875,1.00812,1.00745,1.00674,1.00599,1.0052,1.00439,1.00354,1.00268,1.00179,1.0009,1
1,0.999984,0.999968,0.999953,0.99994,0.99993,0.999922,0.999917,0.999915,0.999918,0.999924,0.999936,0.999952,0.999975,1,1.00004,1.00008,1.00013,1.00018,1.00024,1.00031,1.00039,1.00048,1.00057,1.00067,1.00078,1.0009,1.00103,1.00117,1.00131,1.00147,1.00163,1.00181,1.00199,1.00218,1.00238,1.00258,1.0028,1.00302,1.00325,1.00349,1.00374,1.00399,1.00425,1.00452,1.00479,1.00507,1.00535,1.00563,1.00593,1.00622,1.00652,1.00681,1.00711,1.00741,1.00771,1.00801,1.00831,1.0086,1.00889,1.00917,1.00944,1.00971,1.00997,1.01022,1.01046,1.01068,1.0109,1.01109,1.01127,1.01142,1.01156,1.01168,1.01177,1.01183,1.01187,1.01188,1.01185,1.0118,1.0117,1.01158,1.01141,1.01121,1.01096,1.01068,1.01035,1.00998,1.00956,1.00911,1.00861,1.00806,1.00748,1.00686,1.0062,1.00551,1.00478,1.00403,1.00326,1.00246,1.00165,1.00083,1
1,0.999975,0.999951,0.999928,0.999907,0.999887,0.999871,0.999857,0.999847,0.99984,0.999838,0.999841,0.999848,0.999861,0.999879,0.999904,0.999935,0.999973,1.00002,1.00007,1.00013,1.0002,1.00027,1.00035,1.00045,1.00054,1.00065,1.00077,1.0009,1.00103,1.00117,1.00132,1.00148,1.00165,1.00183,1.00201,1.00221,1.00241,1.00262,1.00284,1.00306,1.0033,1.00353,1.00378,1.00403,1.00429,1.00455,1.00482,1.00509,1.00537,1.00565,1.00593,1.00621,1.00649,1.00678,1.00706,1.00735,1.00763,1.0079,1.00818,1.00844,1.00871,1.00896,1.00921,1.00944,1.00967,1.00988,1.01008,1.01026,1.01043,1.01057,1.0107,1.01081,1.01089,1.01095,1.01099,1.01099,1.01097,1.01091,1.01082,1.0107,1.01055,1.01035,1.01012,1.00986,1.00955,1.0092,1.00881,1.00839,1.00792,1.00742,1.00688,1.00631,1.0057,1.00506,1.00439,1.0037,1.00299,1.00226,1.00151,1.00076,1
1,0.999967,0.999934,0.999903,0.999873,0.999845,0.99982,0.999798,0.999779,0.999764,0.999752,0.999746,0.999744,0.999748,0.999757,0.999772,0.999794,0.999822,0.999857,0.999898,0.999948,1,1.00007,1.00014,1.00022,1.00031,1.00041,1.00051,1.00063,1.00075,1.00088,1.00102,1.00117,1.00132,1.00149,1.00166,1.00184,1.00203,1.00223,1.00243,1.00264,1.00286,1.00309,1.00332,1.00356,1.0038,1.00405,1.0043,1.00456,1.00482,1.00509,1.00535,1.00562,1.00589,1.00616,1.00643,1.0067,1.00697,1.00723,1.00749,1.00774,1.00799,1.00823,1.00846,1.00869,1.0089,1.0091,1.00929,1.00946,1.00962,1.00976,1.00988,1.00998,1.01006,1.01011,1.01014,1.01015,1.01012,1.01007,1.00999,1.00987,1.00973,1.00955,1.00933,1.00908,1.00879,1.00847,1.00811,1.00772,1.00729,1.00682,1.00632,1.00579,1.00523,1.00465,1.00403,1.0034,1.00274,1.00207,1.00139,1.0007,1
1,0.999958,0.999918,0.999878,0.99984,0.999804,0.99977,0.999739,0.999711,0.999688,0.999668,0.999652,0.999642,0.999636,0.999636,0.999642,0.999654,0.999672,0.999698,0.99973,0.999769,0.999815,0.999869,0.999931,1,1.00008,1.00016,1.00026,1.00036,1.00047,1.00059,1.00072,1.00086,1.001,1.00115,1.00131,1.00148,1.00166,1.00184,1.00203,1.00223,1.00244,1.00265,1.00287,1.00309,1.00332,1.00356,1.0038,1.00404,1.00429,1.00454,1.00479,1.00505,1.0053,1.00556,1.00582,1.00607,1.00632,1.00657,1.00682,1.00706,1.0073,1.00753,1.00775,1.00796,1.00816,1.00835,1.00853,1.00869,1.00884,1.00897,1.00909,1.00918,1.00926,1.00931,1.00934,1.00934,1.00932,1.00927,1.00919,1.00909,1.00895,1.00878,1.00858,1.00835,1.00808,1.00778,1.00745,1.00709,1.00669,1.00626,1.0058,1.00531,1.0048,1.00426,1.00369,1.00311,1.00251,1.0019,1.00127,1.00064,1
1,0.99995,0.999901,0.999853,0.999807,0.999762,0.99972,0.999681,0.999645,0.999612,0.999584,0.99956,0.99954,0.999526,0.999517,0.999514,0.999516,0.999525,0.999541,0.999563,0.999593,0.999629,0.999673,0.999725,0.999784,0.999852,0.999927,1.00001,1.0001,1.0002,1.00031,1.00043,1.00055,1.00068,1.00082,1.00097,1.00113,1.00129,1.00147,1.00164,1.00183,1.00202,1.00222,1.00243,1.00264,1.00286,1.00308,1.00331,1.00354,1.00377,1.00401,1.00425,1.00449,1.00473,1.00498,1.00522,1.00546,1.0057,1.00594,1.00617,1.0064,1.00663,1.00684,1.00705,1.00726,1.00745,1.00763,1.0078,1.00795,1.00809,1.00822,1.00833,1.00842,1.00849,1.00854,1.00857,1.00857,1.00855,1.00851,1.00844,1.00834,1.00821,1.00806,1.00787,1.00766,1.00741,1.00714,1.00683,1.0065,1.00613,1.00574,1.00531,1.00487,1.00439,1.0039,1.00338,1.00285,1.0023,1.00173,1.00116,1.00058,1
1,0.999942,0.999885,0.999829,0.999774,0.999722,0.999671,0.999624,0.999579,0.999538,0.999501,0.999469,0.999441,0.999417,0.9994,0.999387,0.999381,0.999381,0.999387,0.9994,0.999419,0.999446,0.999481,0.999522,0.999571,0.999629,0.999693,0.999766,0.999847,0.999936,1.00003,1.00014,1.00025,1.00037,1.0005,1.00064,1.00078,1.00094,1.0011,1.00126,1.00144,1.00162,1.00181,1.002,1.0022,1.0024,1.00261,1.00283,1.00305,1.00327,1.00349,1.00372,1.00395,1.00418,1.00441,1.00464,1.00487,1.0051,1.00533,1.00555,1.00577,1.00598,1.00619,1.00639,1.00658,1.00676,1.00693,1.00709,1.00724,1.00738,1.0075,1.0076,1.00769,1.00776,1.0078,1.00783,1.00784,1.00783,1.00779,1.00772,1.00763,1.00752,1.00738,1.00721,1.00701,1.00678,1.00653,1.00625,1.00594,1.0056,1.00524,1.00486,1.00445,1.00401,1.00356,1.00309,1.0026,1.0021,1.00158,1.00106,1.00053,1
1,0.999934,0.999869,0.999805,0.999742,0.999681,0.999623,0.999567,0.999515,0.999466,0.99942,0.999379,0.999343,0.999311,0.999284,0.999263,0.999248,0.999239,0.999236,0.999239,0.99925,0.999267,0.999292,0.999324,0.999363,0.99941,0.999465,0.999528,0.999598,0.999677,0.999763,0.999858,0.99996,1.00007,1.00019,1.00031,1.00045,1.00059,1.00074,1.00089,1.00106,1.00122,1.0014,1.00158,1.00177,1.00196,1.00216,1.00236,1.00257,1.00278,1.00299,1.00321,1.00342,1.00364,1.00386,1.00408,1.0043,1.00452,1.00473,1.00494,1.00515,1.00535,1.00555,1.00574,1.00592,1.0061,1.00626,1.00642,1.00656,1.00669,1.0068,1.0069,1.00699,1.00705,1.0071,1.00713,1.00714,1.00713,1.0071,1.00704,1.00696,1.00686,1.00673,1.00657,1.00639,1.00619,1.00596,1.0057,1.00542,1.00511,1.00478,1.00443,1.00405,1.00366,1.00324,1.00281,1.00237,1.00191,1.00144,1.00097,1.00048,1
1,0.999926,0.999853,0.999781,0.999711,0.999642,0.999576,0.999512,0.999452,0.999394,0.999341,0.999291,0.999247,0.999206,0.999171,0.999142,0.999118,0.9991,0.999088,0.999082,0.999084,0.999092,0.999107,0.99913,0.999159,0.999197,0.999242,0.999294,0.999355,0.999423,0.999499,0.999584,0.999675,0.999775,0.999883,0.999998,1.00012,1.00025,1.00039,1.00053,1.00068,1.00084,1.00101,1.00118,1.00135,1.00153,1.00172,1.00191,1.0021,1.0023,1.0025,1.00271,1.00291,1.00312,1.00333,1.00354,1.00375,1.00395,1.00416,1.00436,1.00456,1.00475,1.00494,1.00512,1.00529,1.00546,1.00562,1.00577,1.0059,1.00603,1.00614,1.00624,1.00632,1.00638,1.00643,1.00647,1.00648,1.00647,1.00644,1.00639,1.00632,1.00623,1.00612,1.00598,1.00581,1.00563,1.00542,1.00518,1.00493,1.00465,1.00435,1.00403,1.00368,1.00333,1.00295,1.00256,1.00215,1.00174,1.00131,1.00088,1.00044,1
1,0.999919,0.999838,0.999758,0.99968,0.999604,0.99953,0.999458,0.99939,0.999325,0.999263,0.999206,0.999153,0.999104,0.999061,0.999023,0.99899,0.998964,0.998943,0.998929,0.998922,0.998921,0.998927,0.99894,0.998961,0.998989,0.999024,0.999067,0.999118,0.999176,0.999243,0.999317,0.999398,0.999488,0.999585,0.99969,0.999802,0.999921,1.00005,1.00018,1.00032,1.00047,1.00062,1.00078,1.00095,1.00112,1.00129,1.00147,1.00165,1.00184,1.00203,1.00223,1.00242,1.00262,1.00282,1.00301,1.00321,1.00341,1.0036,1.00379,1.00398,1.00417,1.00435,1.00452,1.00469,1.00485,1.005,1.00514,1.00527,1.0054,1.0055,1.0056,1.00568,1.00575,1.0058,1.00583,1.00585,1.00584,1.00582,1.00578,1.00572,1.00564,1.00554,1.00541,1.00526,1.0051,1.00491,1.0047,1.00446,1.00421,1.00394,1.00365,1.00334,1.00301,1.00267,1.00232,1.00195,1.00157,1.00119,1.0008,1.0004,1
1,0.999911,0.999823,0.999736,0.99965,0.999566,0.999485,0.999406,0.999329,0.999257,0.999187,0.999122,0.999061,0.999005,0.998953,0.998907,0.998867,0.998832,0.998803,0.99878,0.998764,0.998754,0.998752,0.998756,0.998767,0.998786,0.998812,0.998846,0.998888,0.998936,0.998993,0.999057,0.999129,0.999209,0.999296,0.99939,0.999492,0.999602,0.999718,0.999841,0.999971,1.00011,1.00025,1.0004,1.00055,1.00071,1.00088,1.00105,1.00122,1.0014,1.00158,1.00176,1.00194,1.00213,1.00232,1.00251,1.0027,1.00288,1.00307,1.00325,1.00343,1.00361,1.00378,1.00395,1.00411,1.00426,1.00441,1.00455,1.00467,1.00479,1.0049,1.00499,1.00507,1.00514,1.00519,1.00522,1.00524,1.00525,1.00523,1.0052,1.00515,1.00508,1.00499,1.00488,1.00475,1.0046,1.00443,1.00424,1.00403,1.0038,1.00356,1.00329,1.00302,1.00272,1.00241,1.00209,1.00176,1.00142,1.00107,1.00072,1.00036,1
1,0.999904,0.999808,0.999714,0.999621,0.99953,0.999441,0.999354,0.999271,0.99919,0.999114,0.999041,0.998972,0.998908,0.998849,0.998795,0.998746,0.998703,0.998666,0.998635,0.998611,0.998593,0.998581,0.998577,0.99858,0.99859,0.998607,0.998632,0.998664,0.998704,0.998751,0.998806,0.998868,0.998938,0.999016,0.9991,0.999193,0.999292,0.999398,0.999512,0.999632,0.999758,0.99989,1.00003,1.00017,1.00032,1.00048,1.00064,1.0008,1.00097,1.00114,1.00131,1.00149,1.00166,1.00184,1.00202,1.0022,1.00238,1.00256,1.00273,1.0029,1.00307,1.00324,1.0034,1.00355,1.0037,1.00384,1.00397,1.0041,1.00421,1.00432,1.00441,1.00449,1.00455,1.00461,1.00465,1.00467,1.00468,1.00467,1.00465,1.0046,1.00455,1.00447,1.00437,1.00426,1.00413,1.00397,1.00381,1.00362,1.00342,1.0032,1.00296,1.00271,1.00245,1.00217,1.00188,1.00159,1.00128,1.00097,1.00065,1.00032,1
1,0.999897,0.999794,0.999693,0.999593,0.999494,0.999398,0.999305,0.999214,0.999126,0.999042,0.998962,0.998886,0.998814,0.998747,0.998686,0.998629,0.998578,0.998533,0.998495,0.998462,0.998436,0.998416,0.998404,0.998398,0.998399,0.998408,0.998424,0.998447,0.998478,0.998517,0.998562,0.998616,0.998676,0.998744,0.99882,0.998903,0.998993,0.999089,0.999193,0.999303,0.99942,0.999543,0.999672,0.999806,0.999946,1.00009,1.00024,1.00039,1.00055,1.00071,1.00088,1.00104,1.00121,1.00138,1.00155,1.00172,1.00189,1.00206,1.00223,1.00239,1.00256,1.00272,1.00287,1.00302,1.00316,1.0033,1.00343,1.00355,1.00366,1.00376,1.00385,1.00393,1.004,1.00406,1.0041,1.00413,1.00414,1.00414,1.00412,1.00409,1.00404,1.00398,1.00389,1.0038,1.00368,1.00355,1.0034,1.00323,1.00305,1.00286,1.00265,1.00243,1.00219,1.00194,1.00169,1.00142,1.00115,1.00087,1.00058,1.00029,1
1,0.99989,0.999781,0.999672,0.999565,0.99946,0.999357,0.999256,0.999159,0.999064,0.998973,0.998885,0.998802,0.998723,0.998649,0.99858,0.998516,0.998458,0.998405,0.998359,0.998318,0.998284,0.998257,0.998236,0.998222,0.998216,0.998216,0.998223,0.998238,0.998261,0.99829,0.998327,0.998372,0.998424,0.998483,0.998549,0.998623,0.998704,0.998791,0.998886,0.998987,0.999094,0.999208,0.999328,0.999453,0.999583,0.999719,0.999859,1,1.00015,1.0003,1.00046,1.00062,1.00078,1.00094,1.0011,1.00126,1.00143,1.00159,1.00175,1.00191,1.00206,1.00222,1.00236,1.00251,1.00265,1.00278,1.0029,1.00302,1.00313,1.00323,1.00332,1.0034,1.00347,1.00353,1.00358,1.00361,1.00363,1.00364,1.00363,1.0036,1.00357,1.00351,1.00344,1.00336,1.00326,1.00315,1.00302,1.00287,1.00271,1.00254,1.00236,1.00216,1.00195,1.00173,1.0015,1.00126,1.00102,1.00077,1.00052,1.00026,1
1,0.999883,0.999767,0.999652,0.999539,0.999427,0.999317,0.99921,0.999105,0.999004,0.998906,0.998812,0.998722,0.998636,0.998555,0.998478,0.998407,0.998342,0.998282,0.998228,0.99818,0.998138,0.998103,0.998075,0.998053,0.998038,0.998031,0.99803,0.998037,0.998051,0.998072,0.998101,0.998137,0.99818,0.998231,0.998289,0.998354,0.998426,0.998504,0.99859,0.998682,0.998781,0.998886,0.998996,0.999113,0.999235,0.999361,0.999493,0.999629,0.999769,0.999912,1.00006,1.00021,1.00036,1.00051,1.00067,1.00082,1.00098,1.00113,1.00129,1.00144,1.00159,1.00174,1.00188,1.00202,1.00215,1.00228,1.00241,1.00252,1.00263,1.00273,1.00282,1.0029,1.00297,1.00303,1.00308,1.00312,1.00315,1.00316,1.00316,1.00314,1.00312,1.00307,1.00302,1.00295,1.00287,1.00277,1.00266,1.00253,1.00239,1.00224,1.00208,1.00191,1.00172,1.00153,1.00133,1.00112,1.0009,1.00068,1.00046,1.00023,1
1,0.999877,0.999755,0.999633,0.999513,0.999395,0.999279,0.999165,0.999054,0.998946,0.998842,0.998741,0.998644,0.998552,0.998464,0.99838,0.998303,0.99823,0.998163,0.998102,0.998047,0.997998,0.997955,0.997919,0.99789,0.997868,0.997852,0.997844,0.997843,0.997849,0.997862,0.997883,0.997911,0.997946,0.997989,0.998038,0.998095,0.998158,0.998229,0.998306,0.99839,0.99848,0.998576,0.998679,0.998786,0.9989,0.999018,0.999141,0.999269,0.999401,0.999536,0.999675,0.999816,0.99996,1.00011,1.00025,1.0004,1.00055,1.0007,1.00085,1.00099,1.00114,1.00128,1.00142,1.00155,1.00168,1.00181,1.00193,1.00204,1.00215,1.00225,1.00234,1.00242,1.0025,1.00256,1.00261,1.00266,1.00269,1.00271,1.00271,1.00271,1.00269,1.00266,1.00262,1.00256,1.00249,1.00241,1.00232,1.00221,1.00209,1.00196,1.00182,1.00167,1.00151,1.00134,1.00117,1.00098,1.00079,1.0006,1.0004,1.0002,1
1,0.999871,0.999743,0.999615,0.999489,0.999365,0.999242,0.999122,0.999005,0.998891,0.99878,0.998673,0.99857,0.998471,0.998376,0.998287,0.998202,0.998123,0.998049,0.997981,0.997919,0.997863,0.997813,0.99777,0.997734,0.997704,0.997682,0.997666,0.997657,0.997656,0.997662,0.997674,0.997695,0.997722,0.997756,0.997798,0.997847,0.997902,0.997965,0.998034,0.998109,0.998192,0.99828,0.998374,0.998474,0.998579,0.99869,0.998805,0.998925,0.999049,0.999176,0.999308,0.999442,0.999578,0.999717,0.999858,0.999999,1.00014,1.00028,1.00043,1.00057,1.00071,1.00084,1.00098,1.00111,1.00124,1.00136,1.00148,1.00159,1.0017,1.0018,1.00189,1.00197,1.00205,1.00211,1.00217,1.00222,1.00225,1.00228,1.00229,1.0023,1.00229,1.00227,1.00224,1.0022,1.00214,1.00207,1.002,1.00191,1.00181,1.0017,1.00158,1.00145,1.00131,1.00117,1.00101,1.00085,1.00069,1.00052,1.00035,1.00018,1
1,0.999865,0.999731,0.999598,0.999466,0.999336,0.999207,0.999082,0.998958,0.998838,0.998721,0.998608,0.998499,0.998394,0.998293,0.998197,0.998106,0.99802,0.99794,0.997866,0.997797,0.997734,0.997678,0.997628,0.997585,0.997548,0.997518,0.997496,0.99748,0.997471,0.997469,0.997475,0.997488,0.997507,0.997534,0.997568,0.997609,0.997657,0.997712,0.997774,0.997842,0.997916,0.997996,0.998083,0.998175,0.998273,0.998375,0.998483,0.998596,0.998712,0.998833,0.998957,0.999084,0.999214,0.999346,0.99948,0.999615,0.999752,0.999888,1.00002,1.00016,1.0003,1.00043,1.00056,1.00069,1.00081,1.00093,1.00105,1.00116,1.00126,1.00136,1.00146,1.00154,1.00162,1.00169,1.00175,1.0018,1.00184,1.00187,1.0019,1.00191,1.00191,1.0019,1.00188,1.00185,1.00181,1.00176,1.0017,1.00162,1.00154,1.00145,1.00135,1.00124,1.00112,1.001,1.00087,1.00073,1.00059,1.00045,1.0003,1.00015,1
1,0.99986,0.99972,0.999581,0.999444,0.999308,0.999174,0.999043,0.998914,0.998788,0.998665,0.998546,0.998431,0.99832,0.998214,0.998112,0.998015,0.997923,0.997836,0.997756,0.997681,0.997612,0.997549,0.997493,0.997443,0.997399,0.997363,0.997333,0.997311,0.997295,0.997286,0.997285,0.99729,0.997303,0.997323,0.99735,0.997383,0.997424,0.997471,0.997525,0.997586,0.997653,0.997726,0.997805,0.99789,0.99798,0.998076,0.998177,0.998282,0.998392,0.998505,0.998622,0.998743,0.998866,0.998992,0.99912,0.99925,0.99938,0.999512,0.999643,0.999774,0.999905,1.00003,1.00016,1.00029,1.00041,1.00053,1.00064,1.00075,1.00085,1.00095,1.00105,1.00113,1.00121,1.00129,1.00135,1.00141,1.00145,1.00149,1.00152,1.00154,1.00155,1.00155,1.00155,1.00153,1.0015,1.00146,1.00141,1.00136,1.00129,1.00122,1.00114,1.00105,1.00095,1.00085,1.00074,1.00062,1.0005,1.00038,1.00026,1.00013,1
1,0.999854,0.999709,0.999565,0.999423,0.999282,0.999143,0.999006,0.998872,0.99874,0.998612,0.998488,0.998367,0.998251,0.998138,0.998031,0.997928,0.99783,0.997738,0.997651,0.99757,0.997495,0.997426,0.997364,0.997308,0.997258,0.997215,0.997179,0.99715,0.997128,0.997112,0.997104,0.997103,0.997109,0.997122,0.997142,0.997168,0.997202,0.997242,0.99729,0.997343,0.997403,0.997469,0.997541,0.997619,0.997703,0.997791,0.997885,0.997984,0.998087,0.998194,0.998305,0.998419,0.998536,0.998656,0.998778,0.998902,0.999028,0.999154,0.999281,0.999408,0.999534,0.999659,0.999783,0.999905,1.00002,1.00014,1.00025,1.00036,1.00047,1.00057,1.00066,1.00075,1.00083,1.00091,1.00097,1.00103,1.00109,1.00113,1.00117,1.0012,1.00122,1.00123,1.00123,1.00122,1.00121,1.00118,1.00115,1.00111,1.00106,1.001,1.00093,1.00086,1.00078,1.0007,1.00061,1.00052,1.00042,1.00032,1.00021,1.00011,1
1,0.999849,0.999699,0.999551,0.999403,0.999257,0.999113,0.998971,0.998832,0.998695,0.998562,0.998433,0.998307,0.998185,0.998067,0.997954,0.997846,0.997743,0.997645,0.997553,0.997466,0.997385,0.997311,0.997242,0.99718,0.997124,0.997075,0.997033,0.996998,0.996969,0.996948,0.996933,0.996925,0.996925,0.996931,0.996944,0.996965,0.996992,0.997025,0.997066,0.997113,0.997166,0.997226,0.997291,0.997362,0.997439,0.997521,0.997609,0.997701,0.997798,0.997899,0.998003,0.998112,0.998223,0.998338,0.998454,0.998573,0.998694,0.998815,0.998938,0.99906,0.999183,0.999304,0.999425,0.999544,0.999661,0.999776,0.999888,0.999996,1.0001,1.0002,1.00029,1.00038,1.00047,1.00055,1.00062,1.00068,1.00074,1.00079,1.00084,1.00087,1.0009,1.00092,1.00093,1.00094,1.00093,1.00092,1.0009,1.00087,1.00084,1.00079,1.00075,1.00069,1.00063,1.00056,1.00049,1.00042,1.00034,1.00026,1.00017,1.00009,1
1,0.999845,0.99969,0.999537,0.999384,0.999234,0.999085,0.998938,0.998794,0.998653,0.998515,0.998381,0.99825,0.998123,0.998,0.997882,0.997769,0.997661,0.997558,0.99746,0.997368,0.997282,0.997202,0.997128,0.99706,0.996998,0.996944,0.996896,0.996854,0.99682,0.996792,0.996772,0.996758,0.996751,0.996751,0.996758,0.996772,0.996793,0.996821,0.996855,0.996895,0.996942,0.996995,0.997054,0.997119,0.99719,0.997266,0.997347,0.997433,0.997524,0.997619,0.997718,0.997821,0.997927,0.998036,0.998148,0.998262,0.998378,0.998495,0.998613,0.998732,0.998851,0.998969,0.999087,0.999204,0.999319,0.999432,0.999542,0.99965,0.999754,0.999854,0.99995,1.00004,1.00013,1.00021,1.00028,1.00035,1.00042,1.00047,1.00052,1.00057,1.0006,1.00063,1.00065,1.00067,1.00067,1.00067,1.00067,1.00065,1.00063,1.0006,1.00057,1.00053,1.00049,1.00044,1.00038,1.00033,1.00026,1.0002,1.00014,1.00007,1
1,0.99984,0.999682,0.999524,0.999367,0.999212,0.999059,0.998908,0.998759,0.998614,0.998471,0.998332,0.998197,0.998065,0.997938,0.997815,0.997697,0.997584,0.997476,0.997373,0.997276,0.997185,0.997099,0.99702,0.996947,0.99688,0.99682,0.996767,0.99672,0.99668,0.996646,0.99662,0.996601,0.996588,0.996582,0.996583,0.996591,0.996606,0.996628,0.996656,0.99669,0.996731,0.996778,0.996832,0.996891,0.996955,0.997026,0.997101,0.997181,0.997266,0.997356,0.99745,0.997547,0.997648,0.997752,0.997859,0.997968,0.99808,0.998193,0.998307,0.998422,0.998538,0.998653,0.998769,0.998883,0.998996,0.999108,0.999217,0.999324,0.999429,0.999529,0.999626,0.999719,0.999808,0.999892,0.999971,1.00004,1.00011,1.00017,1.00023,1.00028,1.00032,1.00036,1.00039,1.00041,1.00043,1.00044,1.00045,1.00044,1.00044,1.00042,1.0004,1.00038,1.00035,1.00032,1.00028,1.00024,1.0002,1.00015,1.0001,1.00005,1
1,0.999836,0.999673,0.999512,0.999351,0.999192,0.999034,0.998879,0.998727,0.998577,0.99843,0.998287,0.998147,0.998011,0.99788,0.997752,0.99763,0.997512,0.9974,0.997292,0.99719,0.997094,0.997004,0.99692,0.996842,0.99677,0.996705,0.996646,0.996594,0.996549,0.99651,0.996478,0.996453,0.996435,0.996424,0.99642,0.996422,0.996431,0.996447,0.996469,0.996498,0.996533,0.996575,0.996622,0.996676,0.996735,0.9968,0.996869,0.996944,0.997024,0.997108,0.997197,0.997289,0.997385,0.997485,0.997587,0.997692,0.997799,0.997909,0.998019,0.998131,0.998244,0.998356,0.998469,0.998582,0.998693,0.998803,0.998912,0.999019,0.999123,0.999224,0.999322,0.999417,0.999508,0.999594,0.999676,0.999754,0.999826,0.999893,0.999955,1.00001,1.00006,1.00011,1.00015,1.00018,1.00021,1.00023,1.00024,1.00025,1.00026,1.00026,1.00025,1.00024,1.00022,1.00021,1.00018,1.00016,1.00013,1.0001,1.00007,1.00003,1
1,0.999833,0.999666,0.9995,0.999336,0.999173,0.999012,0.998853,0.998697,0.998543,0.998393,0.998245,0.998102,0.997962,0.997826,0.997695,0.997568,0.997446,0.997329,0.997217,0.997111,0.997011,0.996916,0.996827,0.996744,0.996668,0.996598,0.996534,0.996477,0.996427,0.996383,0.996346,0.996316,0.996293,0.996277,0.996267,0.996264,0.996268,0.996278,0.996295,0.996319,0.996349,0.996385,0.996427,0.996475,0.996529,0.996588,0.996653,0.996723,0.996797,0.996877,0.99696,0.997048,0.99714,0.997234,0.997333,0.997433,0.997537,0.997642,0.997749,0.997858,0.997968,0.998078,0.998189,0.998299,0.998409,0.998518,0.998626,0.998732,0.998836,0.998938,0.999037,0.999133,0.999226,0.999315,0.999401,0.999482,0.999558,0.99963,0.999698,0.99976,0.999817,0.999869,0.999916,0.999958,0.999994,1.00002,1.00005,1.00007,1.00009,1.0001,1.00011,1.00011,1.00011,1.0001,1.00009,1.00008,1.00007,1.00005,1.00004,1.00002,1
1,0.999829,0.999659,0.99949,0.999322,0.999156,0.998992,0.998829,0.998669,0.998512,0.998358,0.998207,0.99806,0.997916,0.997777,0.997642,0.997511,0.997385,0.997264,0.997149,0.997038,0.996934,0.996835,0.996742,0.996655,0.996574,0.996499,0.996431,0.996369,0.996314,0.996266,0.996224,0.99619,0.996161,0.99614,0.996125,0.996117,0.996116,0.996122,0.996134,0.996152,0.996177,0.996208,0.996245,0.996288,0.996337,0.996391,0.996451,0.996516,0.996586,0.996661,0.99674,0.996823,0.99691,0.997001,0.997095,0.997192,0.997291,0.997393,0.997497,0.997603,0.99771,0.997818,0.997926,0.998035,0.998143,0.998251,0.998358,0.998464,0.998568,0.998671,0.998771,0.998868,0.998963,0.999055,0.999143,0.999228,0.999309,0.999385,0.999458,0.999526,0.999589,0.999648,0.999703,0.999752,0.999797,0.999837,0.999873,0.999904,0.999931,0.999953,0.999972,0.999987,0.999998,1.00001,1.00001,1.00001,1.00001,1.00001,1.00001,1,1
1,0.999826,0.999653,0.999481,0.99931,0.999141,0.998973,0.998808,0.998645,0.998484,0.998327,0.998173,0.998022,0.997875,0.997732,0.997594,0.997459,0.99733,0.997205,0.997086,0.996972,0.996863,0.996761,0.996664,0.996572,0.996488,0.996409,0.996337,0.996271,0.996211,0.996159,0.996112,0.996073,0.99604,0.996014,0.995995,0.995982,0.995977,0.995977,0.995984,0.995998,0.996018,0.996044,0.996077,0.996115,0.996159,0.996209,0.996264,0.996324,0.99639,0.99646,0.996535,0.996614,0.996697,0.996783,0.996874,0.996967,0.997063,0.997162,0.997263,0.997365,0.99747,0.997575,0.997682,0.997789,0.997896,0.998002,0.998109,0.998214,0.998319,0.998422,0.998523,0.998622,0.998718,0.998812,0.998903,0.998991,0.999076,0.999157,0.999234,0.999308,0.999377,0.999443,0.999504,0.999561,0.999614,0.999663,0.999707,0.999748,0.999785,0.999818,0.999847,0.999873,0.999896,0.999916,0.999934,0.999949,0.999962,0.999973,0.999983,0.999992,1
1,0.999824,0.999648,0.999473,0.999299,0.999127,0.998957,0.998788,0.998622,0.998459,0.998299,0.998142,0.997988,0.997838,0.997692,0.99755,0.997413,0.99728,0.997152,0.99703,0.996912,0.9968,0.996694,0.996593,0.996498,0.996409,0.996327,0.996251,0.996181,0.996117,0.996061,0.99601,0.995967,0.99593,0.9959,0.995876,0.995859,0.995849,0.995845,0.995848,0.995857,0.995872,0.995894,0.995922,0.995956,0.995995,0.996041,0.996091,0.996147,0.996208,0.996274,0.996345,0.99642,0.996499,0.996582,0.996669,0.996759,0.996852,0.996947,0.997045,0.997145,0.997247,0.99735,0.997455,0.99756,0.997666,0.997772,0.997877,0.997983,0.998087,0.99819,0.998292,0.998392,0.998491,0.998587,0.998681,0.998772,0.99886,0.998945,0.999027,0.999105,0.99918,0.999252,0.999319,0.999384,0.999444,0.999501,0.999554,0.999603,0.99965,0.999692,0.999732,0.999768,0.999802,0.999833,0.999862,0.999888,0.999913,0.999937,0.999958,0.99998,1
1,0.999821,0.999643,0.999466,0.99929,0.999115,0.998942,0.998771,0.998603,0.998437,0.998274,0.998114,0.997958,0.997805,0.997657,0.997512,0.997372,0.997236,0.997105,0.996979,0.996859,0.996743,0.996634,0.99653,0.996432,0.996339,0.996253,0.996174,0.9961,0.996033,0.995972,0.995918,0.995871,0.99583,0.995796,0.995768,0.995747,0.995732,0.995724,0.995723,0.995728,0.995739,0.995757,0.99578,0.99581,0.995845,0.995887,0.995933,0.995985,0.996042,0.996104,0.996171,0.996242,0.996318,0.996397,0.99648,0.996567,0.996657,0.996749,0.996844,0.996942,0.997042,0.997143,0.997245,0.997349,0.997453,0.997558,0.997663,0.997768,0.997873,0.997976,0.998079,0.99818,0.99828,0.998378,0.998474,0.998568,0.99866,0.998749,0.998835,0.998918,0.998998,0.999075,0.999149,0.999219,0.999287,0.999351,0.999412,0.99947,0.999524,0.999576,0.999625,0.999671,0.999715,0.999756,0.999795,0.999833,0.999869,0.999903,0.999936,0.999968,1
1,0.999819,0.999639,0.999459,0.999281,0.999105,0.99893,0.998757,0.998586,0.998418,0.998253,0.998091,0.997932,0.997777,0.997626,0.997479,0.997336,0.997197,0.997064,0.996935,0.996812,0.996694,0.996581,0.996474,0.996373,0.996278,0.996188,0.996105,0.996028,0.995958,0.995894,0.995836,0.995785,0.99574,0.995702,0.995671,0.995646,0.995628,0.995616,0.995611,0.995612,0.995619,0.995633,0.995652,0.995678,0.995709,0.995747,0.995789,0.995837,0.995891,0.995949,0.996012,0.99608,0.996152,0.996228,0.996308,0.996391,0.996478,0.996568,0.99666,0.996755,0.996853,0.996952,0.997053,0.997155,0.997258,0.997362,0.997466,0.997571,0.997675,0.997779,0.997883,0.997985,0.998086,0.998186,0.998284,0.998381,0.998475,0.998568,0.998657,0.998745,0.99883,0.998912,0.998991,0.999068,0.999142,0.999213,0.999281,0.999346,0.999409,0.999469,0.999526,0.999582,0.999634,0.999685,0.999734,0.999781,0.999827,0.999872,0.999915,0.999958,1
1,0.999817,0.999635,0.999454,0.999274,0.999096,0.998919,0.998744,0.998572,0.998402,0.998235,0.998071,0.99791,0.997753,0.997599,0.99745,0.997305,0.997164,0.997029,0.996897,0.996772,0.996651,0.996536,0.996426,0.996322,0.996224,0.996132,0.996045,0.995966,0.995892,0.995825,0.995764,0.995709,0.995661,0.99562,0.995585,0.995557,0.995535,0.995519,0.99551,0.995508,0.995512,0.995521,0.995537,0.995559,0.995587,0.995621,0.99566,0.995704,0.995754,0.995809,0.995868,0.995932,0.996001,0.996074,0.996151,0.996231,0.996315,0.996402,0.996492,0.996585,0.99668,0.996778,0.996877,0.996977,0.997079,0.997182,0.997286,0.99739,0.997494,0.997598,0.997702,0.997806,0.997908,0.99801,0.99811,0.998209,0.998306,0.998401,0.998495,0.998586,0.998675,0.998762,0.998847,0.998929,0.999009,0.999086,0.99916,0.999233,0.999303,0.99937,0.999436,0.999499,0.999561,0.99962,0.999678,0.999734,0.999789,0.999843,0.999896,0.999948,1
1,0.999816,0.999633,0.99945,0.999269,0.999089,0.99891,0.998734,0.99856,0.998389,0.99822,0.998054,0.997892,0.997733,0.997578,0.997426,0.997279,0.997137,0.996999,0.996866,0.996738,0.996615,0.996497,0.996385,0.996279,0.996178,0.996083,0.995994,0.995912,0.995835,0.995765,0.995701,0.995644,0.995593,0.995548,0.99551,0.995479,0.995453,0.995435,0.995422,0.995416,0.995417,0.995423,0.995435,0.995454,0.995478,0.995508,0.995544,0.995585,0.995631,0.995683,0.995739,0.9958,0.995866,0.995935,0.996009,0.996087,0.996168,0.996253,0.99634,0.996431,0.996524,0.996619,0.996717,0.996816,0.996917,0.997019,0.997122,0.997225,0.997329,0.997434,0.997538,0.997642,0.997746,0.997849,0.997951,0.998052,0.998151,0.998249,0.998346,0.998441,0.998534,0.998625,0.998714,0.998802,0.998887,0.99897,0.99905,0.999129,0.999206,0.99928,0.999353,0.999424,0.999493,0.99956,0.999626,0.999691,0.999755,0.999817,0.999879,0.99994,1
1,0.999815,0.99963,0.999447,0.999264,0.999083,0.998904,0.998726,0.998551,0.998378,0.998208,0.998041,0.997877,0.997717,0.99756,0.997408,0.997259,0.997115,0.996975,0.99684,0.99671,0.996585,0.996466,0.996352,0.996243,0.99614,0.996043,0.995952,0.995867,0.995788,0.995715,0.995649,0.995588,0.995535,0.995487,0.995446,0.995412,0.995383,0.995362,0.995346,0.995337,0.995334,0.995337,0.995346,0.995362,0.995383,0.99541,0.995442,0.99548,0.995523,0.995571,0.995624,0.995682,0.995745,0.995812,0.995883,0.995958,0.996037,0.996119,0.996204,0.996292,0.996383,0.996477,0.996573,0.996671,0.99677,0.996871,0.996973,0.997076,0.99718,0.997285,0.997389,0.997494,0.997598,0.997702,0.997806,0.997909,0.998011,0.998111,0.998211,0.998309,0.998406,0.998501,0.998594,0.998686,0.998776,0.998864,0.99895,0.999034,0.999117,0.999198,0.999277,0.999355,0.999431,0.999506,0.99958,0.999652,0.999723,0.999793,0.999863,0.999932,1
1,0.999814,0.999629,0.999445,0.999261,0.999079,0.998899,0.998721,0.998545,0.998371,0.9982,0.998032,0.997867,0.997706,0.997548,0.997394,0.997244,0.997098,0.996957,0.996821,0.996689,0.996563,0.996441,0.996326,0.996215,0.99611,0.996011,0.995918,0.995831,0.995749,0.995674,0.995606,0.995543,0.995487,0.995437,0.995393,0.995356,0.995325,0.9953,0.995282,0.99527,0.995264,0.995264,0.99527,0.995282,0.9953,0.995324,0.995354,0.995388,0.995429,0.995474,0.995524,0.995579,0.995639,0.995703,0.995772,0.995844,0.99592,0.996,0.996083,0.996169,0.996258,0.99635,0.996444,0.996541,0.996639,0.996739,0.99684,0.996943,0.997046,0.99715,0.997255,0.99736,0.997466,0.997571,0.997676,0.99778,0.997884,0.997987,0.998089,0.99819,0.998289,0.998388,0.998485,0.998581,0.998675,0.998768,0.998859,0.998949,0.999037,0.999124,0.999209,0.999293,0.999375,0.999457,0.999537,0.999616,0.999694,0.999772,0.999848,0.999924,1
1,0.999814,0.999628,0.999443,0.999259,0.999077,0.998896,0.998718,0.998541,0.998367,0.998195,0.998026,0.997861,0.997698,0.99754,0.997385,0.997234,0.997087,0.996945,0.996808,0.996675,0.996547,0.996424,0.996307,0.996195,0.996088,0.995987,0.995892,0.995803,0.99572,0.995643,0.995572,0.995507,0.995449,0.995396,0.99535,0.995311,0.995277,0.99525,0.995229,0.995214,0.995206,0.995203,0.995207,0.995216,0.995231,0.995252,0.995279,0.995311,0.995348,0.995391,0.995438,0.99549,0.995547,0.995609,0.995675,0.995745,0.995819,0.995896,0.995977,0.996061,0.996148,0.996238,0.996331,0.996426,0.996523,0.996622,0.996722,0.996824,0.996927,0.997031,0.997136,0.997241,0.997347,0.997453,0.997559,0.997665,0.99777,0.997875,0.997979,0.998082,0.998185,0.998287,0.998387,0.998486,0.998585,0.998682,0.998777,0.998872,0.998965,0.999057,0.999147,0.999237,0.999325,0.999412,0.999499,0.999584,0.999668,0.999752,0.999835,0.999918,1
1,0.999814,0.999628,0.999443,0.999259,0.999077,0.998896,0.998717,0.99854,0.998365,0.998193,0.998024,0.997858,0.997695,0.997536,0.997381,0.997229,0.997082,0.996939,0.9968,0.996667,0.996538,0.996414,0.996295,0.996182,0.996074,0.995972,0.995875,0.995785,0.9957,0.995621,0.995548,0.995482,0.995421,0.995367,0.995318,0.995277,0.995241,0.995211,0.995188,0.995171,0.99516,0.995155,0.995155,0.995162,0.995175,0.995193,0.995217,0.995246,0.995281,0.995321,0.995366,0.995416,0.99547,0.995529,0.995592,0.99566,0.995731,0.995807,0.995886,0.995968,0.996053,0.996141,0.996232,0.996326,0.996421,0.996519,0.996619,0.99672,0.996822,0.996926,0.997031,0.997136,0.997242,0.997349,0.997456,0.997562,0.997669,0.997776,0.997882,0.997987,0.998092,0.998196,0.9983,0.998402,0.998504,0.998605,0.998704,0.998803,0.9989,0.998997,0.999092,0.999187,0.99928,0.999373,0.999464,0.999555,0.999645,0.999735,0.999823,0.999912,1
1,0.999814,0.999628,0.999444,0.99926,0.999078,0.998897,0.998718,0.998541,0.998366,0.998195,0.998025,0.997859,0.997696,0.997537,0.997381,0.997229,0.997081,0.996938,0.996799,0.996665,0.996535,0.99641,0.996291,0.996177,0.996068,0.995964,0.995867,0.995775,0.995688,0.995608,0.995534,0.995465,0.995403,0.995347,0.995297,0.995253,0.995215,0.995184,0.995158,0.995139,0.995125,0.995118,0.995116,0.995121,0.995131,0.995147,0.995168,0.995195,0.995227,0.995265,0.995307,0.995354,0.995406,0.995463,0.995524,0.995589,0.995659,0.995732,0.995809,0.995889,0.995972,0.996059,0.996148,0.99624,0.996334,0.996431,0.996529,0.99663,0.996732,0.996835,0.996939,0.997045,0.997151,0.997258,0.997365,0.997473,0.997581,0.997688,0.997796,0.997903,0.99801,0.998117,0.998223,0.998328,0.998433,0.998537,0.99864,0.998742,0.998843,0.998944,0.999043,0.999142,0.99924,0.999337,0.999434,0.999529,0.999625,0.999719,0.999813,0.999907,1
1,0.999814,0.999629,0.999445,0.999262,0.99908,0.9989,0.998721,0.998545,0.998371,0.998199,0.99803,0.997864,0.997701,0.997542,0.997386,0.997234,0.997087,0.996943,0.996804,0.996669,0.996539,0.996414,0.996294,0.996179,0.996069,0.995965,0.995866,0.995773,0.995686,0.995604,0.995528,0.995459,0.995395,0.995337,0.995286,0.99524,0.9952,0.995167,0.995139,0.995118,0.995103,0.995093,0.995089,0.995092,0.9951,0.995113,0.995132,0.995157,0.995187,0.995222,0.995262,0.995307,0.995356,0.995411,0.99547,0.995533,0.9956,0.995671,0.995745,0.995824,0.995905,0.99599,0.996078,0.996168,0.996261,0.996357,0.996454,0.996553,0.996654,0.996757,0.996861,0.996966,0.997073,0.99718,0.997287,0.997396,0.997504,0.997613,0.997722,0.997831,0.997939,0.998048,0.998156,0.998264,0.998371,0.998477,0.998583,0.998689,0.998793,0.998897,0.999001,0.999103,0.999205,0.999306,0.999407,0.999507,0.999606,0.999705,0.999804,0.999902,1
1,0.999815,0.999631,0.999448,0.999265,0.999084,0.998905,0.998727,0.998551,0.998378,0.998207,0.998038,0.997873,0.997711,0.997552,0.997396,0.997245,0.997097,0.996953,0.996814,0.996679,0.996549,0.996424,0.996303,0.996188,0.996078,0.995973,0.995874,0.99578,0.995692,0.995609,0.995532,0.995461,0.995397,0.995337,0.995284,0.995237,0.995196,0.995161,0.995132,0.995109,0.995091,0.99508,0.995074,0.995074,0.99508,0.995092,0.995109,0.995131,0.995159,0.995191,0.995229,0.995272,0.99532,0.995372,0.995428,0.995489,0.995554,0.995623,0.995696,0.995773,0.995852,0.995935,0.996021,0.99611,0.996202,0.996296,0.996392,0.99649,0.996591,0.996693,0.996796,0.996901,0.997007,0.997114,0.997222,0.99733,0.997439,0.997549,0.997659,0.997769,0.997879,0.997989,0.998099,0.998208,0.998317,0.998426,0.998535,0.998643,0.99875,0.998857,0.998964,0.999069,0.999175,0.99928,0.999384,0.999488,0.999591,0.999694,0.999796,0.999898,1
1,0.999816,0.999634,0.999451,0.99927,0.99909,0.998912,0.998735,0.99856,0.998388,0.998218,0.99805,0.997885,0.997724,0.997566,0.997411,0.99726,0.997112,0.996969,0.99683,0.996696,0.996566,0.99644,0.99632,0.996204,0.996094,0.995989,0.995889,0.995795,0.995706,0.995623,0.995545,0.995474,0.995408,0.995347,0.995293,0.995245,0.995202,0.995166,0.995135,0.99511,0.995091,0.995078,0.995071,0.995069,0.995073,0.995082,0.995097,0.995118,0.995143,0.995174,0.99521,0.99525,0.995296,0.995346,0.9954,0.995459,0.995522,0.995589,0.99566,0.995735,0.995813,0.995894,0.995978,0.996066,0.996156,0.996248,0.996343,0.99644,0.99654,0.996641,0.996744,0.996848,0.996953,0.99706,0.997168,0.997277,0.997386,0.997496,0.997606,0.997717,0.997828,0.997939,0.99805,0.998161,0.998272,0.998383,0.998494,0.998604,0.998714,0.998823,0.998932,0.999041,0.999149,0.999257,0.999364,0.999471,0.999577,0.999684,0.999789,0.999895,1
1,0.999818,0.999636,0.999456,0.999276,0.999097,0.99892,0.998745,0.998572,0.9984,0.998231,0.998065,0.997902,0.997741,0.997584,0.99743,0.99728,0.997133,0.996991,0.996852,0.996718,0.996589,0.996464,0.996343,0.996228,0.996118,0.996012,0.995913,0.995818,0.995729,0.995645,0.995567,0.995495,0.995428,0.995367,0.995312,0.995262,0.995219,0.995181,0.995149,0.995123,0.995102,0.995088,0.995079,0.995075,0.995077,0.995085,0.995098,0.995117,0.99514,0.995169,0.995203,0.995241,0.995285,0.995333,0.995385,0.995442,0.995503,0.995568,0.995637,0.99571,0.995786,0.995865,0.995948,0.996034,0.996122,0.996213,0.996307,0.996403,0.996501,0.996601,0.996703,0.996807,0.996912,0.997018,0.997125,0.997234,0.997343,0.997453,0.997564,0.997675,0.997787,0.997899,0.998011,0.998123,0.998236,0.998348,0.99846,0.998572,0.998684,0.998795,0.998906,0.999017,0.999128,0.999238,0.999348,0.999457,0.999566,0.999675,0.999784,0.999892,1
1,0.99982,0.99964,0.999461,0.999283,0.999106,0.998931,0.998757,0.998585,0.998416,0.998248,0.998083,0.997921,0.997762,0.997606,0.997453,0.997304,0.997159,0.997017,0.99688,0.996746,0.996618,0.996493,0.996373,0.996258,0.996148,0.996043,0.995944,0.995849,0.99576,0.995676,0.995597,0.995525,0.995457,0.995396,0.99534,0.99529,0.995245,0.995206,0.995173,0.995146,0.995124,0.995108,0.995098,0.995093,0.995093,0.995099,0.995111,0.995127,0.995149,0.995176,0.995208,0.995245,0.995286,0.995332,0.995383,0.995438,0.995497,0.99556,0.995627,0.995698,0.995772,0.99585,0.99593,0.996014,0.996101,0.996191,0.996283,0.996378,0.996475,0.996574,0.996675,0.996777,0.996881,0.996987,0.997094,0.997202,0.997311,0.997421,0.997532,0.997643,0.997755,0.997868,0.997981,0.998094,0.998207,0.99832,0.998433,0.998546,0.99866,0.998773,0.998885,0.998998,0.99911,0.999223,0.999334,0.999446,0.999557,0.999668,0.999779,0.99989,1
1,0.999822,0.999644,0.999467,0.999291,0.999117,0.998943,0.998771,0.998602,0.998434,0.998268,0.998105,0.997945,0.997787,0.997633,0.997481,0.997334,0.997189,0.997049,0.996913,0.996781,0.996653,0.996529,0.99641,0.996296,0.996186,0.996082,0.995982,0.995888,0.995799,0.995715,0.995636,0.995563,0.995496,0.995434,0.995377,0.995326,0.995281,0.995242,0.995208,0.995179,0.995156,0.995139,0.995127,0.995121,0.99512,0.995125,0.995135,0.99515,0.99517,0.995195,0.995225,0.99526,0.9953,0.995344,0.995392,0.995445,0.995502,0.995564,0.995629,0.995698,0.99577,0.995846,0.995925,0.996007,0.996093,0.996181,0.996271,0.996365,0.99646,0.996558,0.996657,0.996759,0.996862,0.996967,0.997073,0.997181,0.997289,0.997399,0.997509,0.997621,0.997733,0.997845,0.997958,0.998072,0.998185,0.998299,0.998413,0.998527,0.998641,0.998756,0.99887,0.998983,0.999097,0.999211,0.999324,0.999437,0.99955,0.999663,0.999776,0.999888,1
1,0.999824,0.999649,0.999474,0.999301,0.999128,0.998957,0.998788,0.99862,0.998454,0.998291,0.99813,0.997971,0.997816,0.997663,0.997514,0.997367,0.997225,0.997086,0.996951,0.99682,0.996694,0.996571,0.996453,0.99634,0.996231,0.996127,0.996028,0.995934,0.995846,0.995762,0.995684,0.995611,0.995543,0.995481,0.995424,0.995373,0.995327,0.995287,0.995252,0.995223,0.995199,0.995181,0.995168,0.99516,0.995158,0.995161,0.99517,0.995183,0.995202,0.995225,0.995254,0.995287,0.995325,0.995367,0.995414,0.995465,0.99552,0.99558,0.995643,0.99571,0.99578,0.995854,0.995932,0.996012,0.996096,0.996182,0.996271,0.996363,0.996457,0.996553,0.996651,0.996752,0.996854,0.996957,0.997063,0.997169,0.997277,0.997386,0.997496,0.997607,0.997719,0.997831,0.997944,0.998057,0.998171,0.998285,0.9984,0.998514,0.998629,0.998744,0.998859,0.998973,0.999088,0.999203,0.999317,0.999431,0.999546,0.999659,0.999773,0.999887,1
1,0.999827,0.999654,0.999482,0.999311,0.999142,0.998973,0.998806,0.998641,0.998478,0.998316,0.998158,0.998001,0.997848,0.997697,0.99755,0.997406,0.997265,0.997128,0.996995,0.996865,0.99674,0.996619,0.996502,0.99639,0.996283,0.99618,0.996082,0.995988,0.9959,0.995817,0.995739,0.995666,0.995599,0.995537,0.99548,0.995428,0.995382,0.995341,0.995306,0.995276,0.995252,0.995232,0.995219,0.99521,0.995207,0.995209,0.995216,0.995228,0.995245,0.995267,0.995294,0.995325,0.995361,0.995402,0.995447,0.995496,0.99555,0.995607,0.995668,0.995733,0.995802,0.995874,0.99595,0.996029,0.99611,0.996195,0.996282,0.996372,0.996465,0.996559,0.996656,0.996755,0.996856,0.996958,0.997062,0.997168,0.997275,0.997383,0.997492,0.997602,0.997713,0.997825,0.997937,0.99805,0.998164,0.998278,0.998392,0.998507,0.998622,0.998737,0.998852,0.998967,0.999082,0.999198,0.999313,0.999428,0.999542,0.999657,0.999772,0.999886,1
1,0.99983,0.99966,0.999491,0.999323,0.999156,0.99899,0.998826,0.998664,0.998503,0.998345,0.998189,0.998035,0.997884,0.997736,0.997591,0.997449,0.99731,0.997175,0.997044,0.996916,0.996793,0.996673,0.996558,0.996447,0.996341,0.996239,0.996142,0.99605,0.995962,0.99588,0.995803,0.99573,0.995663,0.995601,0.995544,0.995493,0.995446,0.995405,0.99537,0.995339,0.995314,0.995294,0.995279,0.99527,0.995266,0.995266,0.995272,0.995283,0.995299,0.995319,0.995345,0.995374,0.995409,0.995448,0.995491,0.995539,0.99559,0.995646,0.995705,0.995768,0.995835,0.995905,0.995979,0.996056,0.996136,0.996218,0.996304,0.996392,0.996483,0.996576,0.996671,0.996768,0.996867,0.996968,0.997071,0.997175,0.997281,0.997388,0.997496,0.997605,0.997715,0.997826,0.997938,0.998051,0.998164,0.998277,0.998391,0.998506,0.99862,0.998735,0.99885,0.998965,0.999081,0.999196,0.999311,0.999426,0.999541,0.999656,0.999771,0.999886,1
1,0.999833,0.999667,0.999501,0.999336,0.999172,0.99901,0.998848,0.998689,0.998531,0.998376,0.998222,0.998072,0.997923,0.997778,0.997635,0.997496,0.997359,0.997227,0.997098,0.996972,0.99685,0.996733,0.996619,0.99651,0.996405,0.996305,0.996209,0.996118,0.996032,0.99595,0.995874,0.995802,0.995735,0.995674,0.995617,0.995566,0.995519,0.995478,0.995442,0.995412,0.995386,0.995366,0.99535,0.99534,0.995335,0.995334,0.995339,0.995349,0.995363,0.995382,0.995406,0.995434,0.995467,0.995505,0.995546,0.995592,0.995642,0.995695,0.995753,0.995814,0.995879,0.995948,0.996019,0.996094,0.996172,0.996253,0.996336,0.996423,0.996511,0.996603,0.996696,0.996791,0.996889,0.996988,0.997089,0.997192,0.997296,0.997402,0.997509,0.997616,0.997725,0.997835,0.997946,0.998058,0.99817,0.998283,0.998396,0.99851,0.998624,0.998738,0.998852,0.998967,0.999082,0.999197,0.999312,0.999427,0.999542,0.999657,0.999771,0.999886,1
1,0.999837,0.999674,0.999511,0.99935,0.999189,0.99903,0.998872,0.998716,0.998562,0.998409,0.998259,0.998111,0.997966,0.997823,0.997684,0.997547,0.997413,0.997283,0.997156,0.997033,0.996914,0.996798,0.996687,0.996579,0.996476,0.996378,0.996283,0.996194,0.996108,0.996028,0.995952,0.995881,0.995816,0.995754,0.995698,0.995647,0.995601,0.99556,0.995524,0.995493,0.995467,0.995446,0.99543,0.995419,0.995413,0.995412,0.995416,0.995424,0.995438,0.995456,0.995478,0.995505,0.995536,0.995572,0.995612,0.995656,0.995704,0.995756,0.995811,0.995871,0.995934,0.996,0.99607,0.996142,0.996218,0.996297,0.996379,0.996463,0.99655,0.996639,0.99673,0.996824,0.99692,0.997017,0.997117,0.997217,0.99732,0.997424,0.997529,0.997635,0.997743,0.997852,0.997961,0.998071,0.998182,0.998294,0.998406,0.998519,0.998632,0.998745,0.998859,0.998973,0.999087,0.999201,0.999315,0.99943,0.999544,0.999658,0.999772,0.999886,1
1,0.99984,0.999681,0.999523,0.999365,0.999208,0.999052,0.998898,0.998746,0.998595,0.998446,0.998299,0.998154,0.998012,0.997873,0.997736,0.997602,0.997471,0.997344,0.99722,0.997099,0.996982,0.996869,0.99676,0.996655,0.996553,0.996457,0.996364,0.996276,0.996192,0.996113,0.996038,0.995969,0.995903,0.995843,0.995788,0.995737,0.995691,0.99565,0.995615,0.995584,0.995557,0.995536,0.99552,0.995508,0.995502,0.9955,0.995502,0.99551,0.995522,0.995539,0.99556,0.995585,0.995615,0.995649,0.995688,0.99573,0.995776,0.995826,0.99588,0.995937,0.995998,0.996063,0.99613,0.996201,0.996275,0.996351,0.996431,0.996513,0.996598,0.996685,0.996774,0.996866,0.996959,0.997055,0.997152,0.997251,0.997352,0.997454,0.997557,0.997662,0.997768,0.997875,0.997982,0.998091,0.9982,0.998311,0.998421,0.998533,0.998644,0.998757,0.998869,0.998982,0.999095,0.999208,0.999321,0.999434,0.999548,0.999661,0.999774,0.999887,1
1,0.999844,0.999689,0.999535,0.999381,0.999228,0.999076,0.998926,0.998777,0.99863,0.998484,0.998341,0.9982,0.998061,0.997925,0.997792,0.997661,0.997534,0.997409,0.997288,0.99717,0.997056,0.996945,0.996838,0.996735,0.996636,0.996541,0.996451,0.996364,0.996282,0.996205,0.996131,0.996063,0.995999,0.995939,0.995885,0.995835,0.99579,0.995749,0.995713,0.995682,0.995656,0.995635,0.995618,0.995606,0.995599,0.995596,0.995598,0.995605,0.995616,0.995631,0.995651,0.995676,0.995704,0.995736,0.995773,0.995814,0.995858,0.995906,0.995958,0.996014,0.996073,0.996135,0.9962,0.996269,0.996341,0.996415,0.996492,0.996572,0.996655,0.99674,0.996827,0.996916,0.997008,0.997101,0.997196,0.997293,0.997391,0.997491,0.997593,0.997695,0.997799,0.997904,0.99801,0.998117,0.998224,0.998333,0.998442,0.998551,0.998662,0.998772,0.998883,0.998994,0.999106,0.999217,0.999329,0.999441,0.999553,0.999665,0.999777,0.999888,1
1,0.999849,0.999698,0.999547,0.999398,0.999249,0.999101,0.998955,0.99881,0.998667,0.998526,0.998386,0.998249,0.998114,0.997981,0.997851,0.997724,0.9976,0.997479,0.99736,0.997246,0.997134,0.997026,0.996922,0.996822,0.996725,0.996632,0.996544,0.996459,0.996379,0.996303,0.996231,0.996164,0.996101,0.996043,0.995989,0.99594,0.995896,0.995856,0.99582,0.99579,0.995764,0.995742,0.995725,0.995713,0.995705,0.995702,0.995703,0.995709,0.995719,0.995733,0.995752,0.995775,0.995802,0.995833,0.995868,0.995907,0.99595,0.995996,0.996046,0.9961,0.996156,0.996217,0.99628,0.996346,0.996416,0.996488,0.996563,0.996641,0.996721,0.996803,0.996888,0.996975,0.997064,0.997155,0.997248,0.997342,0.997438,0.997536,0.997635,0.997736,0.997837,0.99794,0.998044,0.998148,0.998254,0.99836,0.998467,0.998575,0.998683,0.998792,0.998901,0.99901,0.99912,0.99923,0.99934,0.99945,0.99956,0.99967,0.99978,0.99989,1
1,0.999853,0.999707,0.999561,0.999416,0.999271,0.999128,0.998986,0.998845,0.998706,0.998569,0.998434,0.998301,0.998169,0.998041,0.997914,0.997791,0.99767,0.997552,0.997437,0.997326,0.997217,0.997113,0.997011,0.996913,0.996819,0.996729,0.996643,0.99656,0.996482,0.996408,0.996338,0.996272,0.996211,0.996154,0.996101,0.996053,0.996009,0.99597,0.995935,0.995905,0.995879,0.995857,0.99584,0.995828,0.99582,0.995816,0.995817,0.995822,0.995831,0.995844,0.995862,0.995884,0.995909,0.995939,0.995972,0.996009,0.99605,0.996095,0.996143,0.996194,0.996249,0.996307,0.996368,0.996433,0.9965,0.99657,0.996642,0.996717,0.996795,0.996875,0.996957,0.997042,0.997128,0.997217,0.997307,0.997399,0.997493,0.997588,0.997684,0.997782,0.997882,0.997982,0.998083,0.998185,0.998289,0.998393,0.998497,0.998603,0.998708,0.998815,0.998922,0.999029,0.999136,0.999244,0.999352,0.99946,0.999568,0.999676,0.999784,0.999892,1
1,0.999858,0.999716,0.999575,0.999434,0.999295,0.999156,0.999019,0.998882,0.998748,0.998615,0.998484,0.998355,0.998228,0.998103,0.997981,0.997861,0.997744,0.99763,0.997519,0.99741,0.997305,0.997203,0.997105,0.99701,0.996919,0.996831,0.996747,0.996667,0.996591,0.996519,0.996451,0.996387,0.996327,0.996272,0.99622,0.996173,0.99613,0.996092,0.996057,0.996028,0.996002,0.995981,0.995964,0.995951,0.995943,0.995939,0.995939,0.995943,0.995951,0.995964,0.99598,0.996001,0.996025,0.996053,0.996085,0.996121,0.99616,0.996203,0.996249,0.996298,0.996351,0.996407,0.996466,0.996527,0.996592,0.99666,0.99673,0.996802,0.996878,0.996955,0.997035,0.997116,0.9972,0.997286,0.997374,0.997463,0.997554,0.997646,0.99774,0.997835,0.997932,0.998029,0.998128,0.998228,0.998328,0.99843,0.998532,0.998634,0.998738,0.998842,0.998946,0.999051,0.999156,0.999261,0.999366,0.999472,0.999578,0.999683,0.999789,0.999895,1
1,0.999863,0.999726,0.99959,0.999454,0.999319,0.999185,0.999053,0.998921,0.998791,0.998663,0.998536,0.998412,0.998289,0.998169,0.99805,0.997935,0.997822,0.997711,0.997604,0.997499,0.997397,0.997299,0.997204,0.997112,0.997024,0.996939,0.996857,0.99678,0.996706,0.996636,0.99657,0.996508,0.99645,0.996396,0.996346,0.9963,0.996258,0.99622,0.996187,0.996158,0.996133,0.996112,0.996095,0.996082,0.996074,0.996069,0.996069,0.996072,0.99608,0.996091,0.996107,0.996126,0.996149,0.996176,0.996206,0.99624,0.996278,0.996318,0.996363,0.99641,0.996461,0.996514,0.996571,0.99663,0.996693,0.996758,0.996825,0.996895,0.996968,0.997042,0.997119,0.997198,0.997279,0.997362,0.997447,0.997533,0.997621,0.997711,0.997802,0.997894,0.997988,0.998083,0.998178,0.998275,0.998373,0.998471,0.99857,0.99867,0.998771,0.998872,0.998973,0.999075,0.999177,0.99928,0.999383,0.999485,0.999588,0.999691,0.999794,0.999897,1
1,0.999868,0.999736,0.999605,0.999474,0.999345,0.999216,0.999088,0.998962,0.998837,0.998713,0.998591,0.998471,0.998353,0.998237,0.998123,0.998012,0.997903,0.997796,0.997693,0.997592,0.997494,0.997399,0.997307,0.997218,0.997133,0.997051,0.996973,0.996898,0.996827,0.996759,0.996695,0.996635,0.996579,0.996526,0.996478,0.996433,0.996393,0.996356,0.996324,0.996295,0.99627,0.99625,0.996233,0.99622,0.996212,0.996207,0.996206,0.996209,0.996216,0.996227,0.996241,0.996259,0.996281,0.996307,0.996335,0.996368,0.996403,0.996442,0.996485,0.99653,0.996578,0.99663,0.996684,0.996741,0.996801,0.996863,0.996928,0.996995,0.997065,0.997137,0.997211,0.997287,0.997365,0.997445,0.997527,0.99761,0.997695,0.997782,0.99787,0.997959,0.998049,0.998141,0.998233,0.998327,0.998422,0.998517,0.998613,0.99871,0.998807,0.998905,0.999004,0.999102,0.999202,0.999301,0.999401,0.9995,0.9996,0.9997,0.9998,0.9999,1
1,0.999873,0.999747,0.999621,0.999496,0.999371,0.999248,0.999125,0.999004,0.998884,0.998765,0.998648,0.998533,0.998419,0.998308,0.998199,0.998092,0.997987,0.997885,0.997785,0.997688,0.997594,0.997503,0.997415,0.997329,0.997247,0.997169,0.997093,0.997021,0.996952,0.996887,0.996826,0.996768,0.996714,0.996663,0.996616,0.996573,0.996534,0.996498,0.996467,0.996439,0.996415,0.996395,0.996378,0.996366,0.996357,0.996352,0.996351,0.996354,0.99636,0.99637,0.996383,0.9964,0.996421,0.996445,0.996472,0.996503,0.996537,0.996574,0.996614,0.996657,0.996704,0.996753,0.996805,0.996859,0.996916,0.996976,0.997038,0.997103,0.99717,0.997239,0.99731,0.997383,0.997458,0.997535,0.997613,0.997693,0.997775,0.997858,0.997943,0.998029,0.998116,0.998204,0.998293,0.998384,0.998475,0.998567,0.99866,0.998753,0.998847,0.998942,0.999037,0.999132,0.999228,0.999324,0.99942,0.999517,0.999614,0.99971,0.999807,0.999904,1
1,0.999879,0.999758,0.999638,0.999518,0.999399,0.99928,0.999163,0.999047,0.998932,0.998819,0.998707,0.998597,0.998488,0.998382,0.998277,0.998175,0.998075,0.997977,0.997881,0.997789,0.997698,0.997611,0.997526,0.997445,0.997366,0.997291,0.997218,0.997149,0.997083,0.997021,0.996962,0.996906,0.996854,0.996805,0.99676,0.996719,0.996681,0.996647,0.996616,0.996589,0.996566,0.996546,0.99653,0.996518,0.996509,0.996504,0.996503,0.996505,0.996511,0.99652,0.996532,0.996548,0.996568,0.99659,0.996616,0.996645,0.996677,0.996713,0.996751,0.996792,0.996836,0.996883,0.996932,0.996984,0.997039,0.997096,0.997155,0.997217,0.997281,0.997347,0.997415,0.997485,0.997556,0.99763,0.997705,0.997782,0.99786,0.99794,0.998021,0.998104,0.998187,0.998272,0.998358,0.998444,0.998532,0.99862,0.99871,0.9988,0.99889,0.998981,0.999072,0.999164,0.999257,0.999349,0.999442,0.999535,0.999628,0.999721,0.999814,0.999907,1
1,0.999885,0.999769,0.999655,0.999541,0.999427,0.999314,0.999203,0.999092,0.998983,0.998875,0.998768,0.998663,0.99856,0.998458,0.998358,0.998261,0.998165,0.998072,0.997981,0.997892,0.997806,0.997723,0.997642,0.997564,0.997489,0.997417,0.997348,0.997282,0.997219,0.997159,0.997103,0.997049,0.997,0.996953,0.99691,0.99687,0.996834,0.996801,0.996771,0.996746,0.996723,0.996704,0.996689,0.996677,0.996668,0.996663,0.996661,0.996663,0.996668,0.996677,0.996688,0.996703,0.996721,0.996743,0.996767,0.996795,0.996825,0.996858,0.996894,0.996933,0.996975,0.997019,0.997066,0.997116,0.997168,0.997222,0.997278,0.997337,0.997398,0.997461,0.997526,0.997592,0.997661,0.997731,0.997803,0.997876,0.997951,0.998027,0.998105,0.998183,0.998263,0.998344,0.998426,0.998509,0.998593,0.998678,0.998763,0.998849,0.998936,0.999023,0.999111,0.999199,0.999287,0.999376,0.999465,0.999554,0.999643,0.999732,0.999822,0.999911,1
1,0.99989,0.999781,0.999672,0.999564,0.999456,0.999349,0.999243,0.999139,0.999035,0.998932,0.998831,0.998731,0.998633,0.998537,0.998442,0.998349,0.998258,0.99817,0.998083,0.997999,0.997918,0.997838,0.997762,0.997688,0.997616,0.997548,0.997482,0.997419,0.997359,0.997302,0.997249,0.997198,0.99715,0.997106,0.997065,0.997027,0.996992,0.996961,0.996933,0.996908,0.996886,0.996868,0.996853,0.996841,0.996833,0.996828,0.996826,0.996827,0.996832,0.99684,0.996851,0.996865,0.996882,0.996902,0.996924,0.99695,0.996979,0.99701,0.997044,0.997081,0.997121,0.997163,0.997207,0.997254,0.997303,0.997354,0.997408,0.997464,0.997521,0.997581,0.997642,0.997706,0.997771,0.997837,0.997906,0.997975,0.998046,0.998119,0.998193,0.998268,0.998344,0.998421,0.998499,0.998578,0.998658,0.998738,0.99882,0.998902,0.998984,0.999068,0.999151,0.999235,0.99932,0.999404,0.999489,0.999574,0.999659,0.999744,0.99983,0.999915,1
1,0.999897,0.999793,0.999691,0.999588,0.999486,0.999385,0.999285,0.999186,0.999088,0.998991,0.998895,0.998801,0.998708,0.998617,0.998528,0.99844,0.998355,0.998271,0.998189,0.99811,0.998032,0.997957,0.997885,0.997815,0.997747,0.997682,0.99762,0.997561,0.997504,0.99745,0.997399,0.997351,0.997306,0.997264,0.997225,0.997189,0.997156,0.997126,0.997099,0.997075,0.997055,0.997037,0.997023,0.997012,0.997004,0.996999,0.996997,0.996998,0.997002,0.997009,0.997019,0.997032,0.997048,0.997066,0.997088,0.997112,0.997139,0.997168,0.997201,0.997235,0.997272,0.997312,0.997354,0.997398,0.997444,0.997492,0.997543,0.997596,0.99765,0.997706,0.997764,0.997824,0.997886,0.997949,0.998013,0.998079,0.998147,0.998215,0.998285,0.998356,0.998428,0.998501,0.998575,0.99865,0.998726,0.998802,0.99888,0.998957,0.999036,0.999115,0.999194,0.999274,0.999354,0.999434,0.999515,0.999595,0.999676,0.999757,0.999838,0.999919,1
1,0.999903,0.999806,0.999709,0.999613,0.999517,0.999422,0.999328,0.999235,0.999143,0.999052,0.998962,0.998873,0.998786,0.9987,0.998616,0.998534,0.998453,0.998374,0.998297,0.998223,0.99815,0.998079,0.998011,0.997945,0.997882,0.997821,0.997762,0.997706,0.997652,0.997602,0.997554,0.997508,0.997466,0.997426,0.997389,0.997355,0.997324,0.997296,0.99727,0.997248,0.997228,0.997212,0.997198,0.997187,0.99718,0.997175,0.997173,0.997173,0.997177,0.997184,0.997193,0.997205,0.99722,0.997237,0.997257,0.99728,0.997305,0.997332,0.997362,0.997395,0.997429,0.997466,0.997506,0.997547,0.99759,0.997636,0.997683,0.997733,0.997784,0.997837,0.997891,0.997948,0.998006,0.998065,0.998126,0.998188,0.998251,0.998316,0.998382,0.998448,0.998516,0.998585,0.998655,0.998726,0.998797,0.998869,0.998942,0.999015,0.999089,0.999164,0.999239,0.999314,0.99939,0.999466,0.999542,0.999618,0.999694,0.999771,0.999847,0.999924,1
1,0.999909,0.999818,0.999728,0.999638,0.999549,0.99946,0.999372,0.999285,0.999199,0.999114,0.99903,0.998947,0.998865,0.998785,0.998706,0.998629,0.998554,0.99848,0.998408,0.998339,0.99827,0.998205,0.998141,0.998079,0.998019,0.997962,0.997907,0.997855,0.997805,0.997757,0.997712,0.99767,0.99763,0.997593,0.997558,0.997526,0.997497,0.99747,0.997446,0.997425,0.997407,0.997391,0.997378,0.997368,0.997361,0.997356,0.997354,0.997354,0.997358,0.997364,0.997372,0.997383,0.997397,0.997413,0.997431,0.997452,0.997476,0.997501,0.997529,0.997559,0.997592,0.997626,0.997663,0.997701,0.997742,0.997784,0.997829,0.997875,0.997923,0.997972,0.998023,0.998076,0.99813,0.998185,0.998242,0.9983,0.99836,0.99842,0.998482,0.998544,0.998608,0.998673,0.998738,0.998804,0.998871,0.998939,0.999007,0.999076,0.999145,0.999215,0.999285,0.999356,0.999427,0.999498,0.99957,0.999641,0.999713,0.999785,0.999857,0.999928,1
1,0.999916,0.999831,0.999748,0.999664,0.999581,0.999499,0.999417,0.999336,0.999256,0.999177,0.999099,0.999022,0.998946,0.998872,0.998799,0.998727,0.998657,0.998589,0.998522,0.998457,0.998394,0.998332,0.998273,0.998216,0.99816,0.998107,0.998056,0.998007,0.997961,0.997916,0.997874,0.997835,0.997798,0.997763,0.997731,0.997701,0.997674,0.997649,0.997627,0.997607,0.99759,0.997575,0.997563,0.997553,0.997546,0.997542,0.99754,0.99754,0.997543,0.997548,0.997556,0.997566,0.997579,0.997594,0.997611,0.99763,0.997652,0.997675,0.997701,0.997729,0.997759,0.997791,0.997825,0.997861,0.997898,0.997938,0.997979,0.998022,0.998066,0.998112,0.998159,0.998208,0.998258,0.99831,0.998363,0.998417,0.998472,0.998528,0.998586,0.998644,0.998703,0.998763,0.998824,0.998886,0.998948,0.999011,0.999075,0.999139,0.999203,0.999268,0.999334,0.9994,0.999466,0.999532,0.999599,0.999666,0.999732,0.999799,0.999866,0.999933,1
1,0.999922,0.999845,0.999767,0.99969,0.999614,0.999538,0.999463,0.999388,0.999314,0.999241,0.99917,0.999099,0.999029,0.99896,0.998893,0.998827,0.998762,0.998699,0.998638,0.998578,0.998519,0.998463,0.998408,0.998355,0.998304,0.998255,0.998208,0.998163,0.99812,0.998079,0.99804,0.998004,0.997969,0.997937,0.997907,0.99788,0.997855,0.997832,0.997811,0.997793,0.997777,0.997763,0.997752,0.997743,0.997736,0.997732,0.99773,0.99773,0.997733,0.997738,0.997745,0.997754,0.997765,0.997779,0.997794,0.997812,0.997832,0.997854,0.997877,0.997903,0.997931,0.99796,0.997991,0.998024,0.998059,0.998095,0.998133,0.998172,0.998213,0.998256,0.998299,0.998344,0.998391,0.998438,0.998487,0.998537,0.998588,0.99864,0.998693,0.998746,0.998801,0.998857,0.998913,0.99897,0.999027,0.999086,0.999144,0.999204,0.999263,0.999323,0.999384,0.999445,0.999506,0.999567,0.999629,0.999691,0.999752,0.999814,0.999876,0.999938,1
1,0.999929,0.999858,0.999787,0.999717,0.999647,0.999578,0.999509,0.999441,0.999374,0.999307,0.999241,0.999177,0.999113,0.99905,0.998989,0.998928,0.998869,0.998811,0.998755,0.9987,0.998647,0.998595,0.998545,0.998497,0.99845,0.998405,0.998362,0.998321,0.998282,0.998244,0.998209,0.998175,0.998144,0.998115,0.998087,0.998062,0.998039,0.998018,0.997999,0.997982,0.997967,0.997955,0.997945,0.997936,0.99793,0.997926,0.997924,0.997924,0.997927,0.997931,0.997937,0.997946,0.997956,0.997968,0.997982,0.997998,0.998016,0.998036,0.998058,0.998081,0.998106,0.998133,0.998162,0.998192,0.998223,0.998256,0.998291,0.998327,0.998364,0.998403,0.998443,0.998484,0.998526,0.99857,0.998614,0.99866,0.998707,0.998754,0.998802,0.998852,0.998902,0.998952,0.999004,0.999056,0.999109,0.999162,0.999216,0.99927,0.999325,0.99938,0.999436,0.999491,0.999547,0.999604,0.99966,0.999716,0.999773,0.99983,0.999887,0.999943,1
1,0.999936,0.999872,0.999808,0.999744,0.999681,0.999619,0.999556,0.999495,0.999434,0.999374,0.999314,0.999256,0.999198,0.999141,0.999086,0.999031,0.998978,0.998926,0.998875,0.998825,0.998777,0.99873,0.998685,0.998641,0.998599,0.998558,0.998519,0.998482,0.998446,0.998413,0.99838,0.99835,0.998322,0.998295,0.99827,0.998247,0.998226,0.998207,0.99819,0.998175,0.998162,0.99815,0.998141,0.998133,0.998127,0.998124,0.998122,0.998122,0.998124,0.998128,0.998133,0.998141,0.99815,0.998161,0.998174,0.998189,0.998205,0.998223,0.998242,0.998263,0.998286,0.99831,0.998336,0.998363,0.998391,0.998421,0.998452,0.998485,0.998519,0.998554,0.99859,0.998627,0.998665,0.998705,0.998745,0.998786,0.998828,0.998871,0.998915,0.99896,0.999005,0.999051,0.999097,0.999145,0.999192,0.999241,0.999289,0.999339,0.999388,0.999438,0.999488,0.999539,0.99959,0.999641,0.999692,0.999743,0.999794,0.999846,0.999897,0.999949,1
1,0.999943,0.999886,0.999829,0.999772,0.999716,0.99966,0.999604,0.999549,0.999495,0.999441,0.999388,0.999336,0.999284,0.999234,0.999184,0.999135,0.999088,0.999041,0.998996,0.998952,0.998909,0.998867,0.998826,0.998787,0.99875,0.998713,0.998678,0.998645,0.998613,0.998583,0.998554,0.998527,0.998502,0.998478,0.998456,0.998436,0.998417,0.9984,0.998384,0.998371,0.998359,0.998348,0.99834,0.998333,0.998328,0.998325,0.998323,0.998323,0.998325,0.998328,0.998333,0.99834,0.998348,0.998358,0.998369,0.998382,0.998396,0.998412,0.99843,0.998448,0.998468,0.99849,0.998513,0.998537,0.998562,0.998589,0.998617,0.998646,0.998676,0.998707,0.998739,0.998773,0.998807,0.998842,0.998878,0.998915,0.998952,0.998991,0.99903,0.99907,0.99911,0.999151,0.999193,0.999235,0.999278,0.999321,0.999365,0.999408,0.999453,0.999497,0.999542,0.999588,0.999633,0.999679,0.999724,0.99977,0.999816,0.999862,0.999908,0.999954,1
1,0.99995,0.9999,0.99985,0.9998,0.99975,0.999701,0.999653,0.999604,0.999557,0.999509,0.999463,0.999417,0.999372,0.999327,0.999284,0.999241,0.999199,0.999158,0.999118,0.99908,0.999042,0.999005,0.99897,0.998935,0.998902,0.99887,0.99884,0.99881,0.998782,0.998756,0.998731,0.998707,0.998684,0.998664,0.998644,0.998626,0.99861,0.998595,0.998581,0.998569,0.998558,0.998549,0.998542,0.998536,0.998531,0.998528,0.998527,0.998527,0.998528,0.998531,0.998535,0.998541,0.998548,0.998557,0.998567,0.998578,0.998591,0.998605,0.99862,0.998636,0.998654,0.998673,0.998693,0.998714,0.998736,0.99876,0.998784,0.99881,0.998836,0.998863,0.998892,0.998921,0.998951,0.998982,0.999013,0.999046,0.999079,0.999113,0.999147,0.999182,0.999217,0.999254,0.99929,0.999327,0.999365,0.999403,0.999441,0.99948,0.999519,0.999558,0.999597,0.999637,0.999677,0.999717,0.999757,0.999798,0.999838,0.999879,0.999919,0.99996,1
1,0.999957,0.999914,0.999871,0.999828,0.999785,0.999743,0.999701,0.99966,0.999619,0.999578,0.999538,0.999499,0.99946,0.999422,0.999384,0.999348,0.999312,0.999277,0.999242,0.999209,0.999176,0.999145,0.999114,0.999085,0.999056,0.999029,0.999003,0.998977,0.998953,0.99893,0.998909,0.998888,0.998869,0.998851,0.998834,0.998819,0.998805,0.998792,0.99878,0.99877,0.99876,0.998753,0.998746,0.998741,0.998737,0.998734,0.998733,0.998733,0.998734,0.998737,0.99874,0.998745,0.998751,0.998759,0.998767,0.998777,0.998788,0.9988,0.998813,0.998827,0.998842,0.998858,0.998875,0.998894,0.998913,0.998933,0.998954,0.998976,0.998998,0.999022,0.999046,0.999071,0.999097,0.999124,0.999151,0.999179,0.999207,0.999236,0.999266,0.999296,0.999326,0.999357,0.999389,0.999421,0.999453,0.999486,0.999519,0.999552,0.999586,0.999619,0.999653,0.999688,0.999722,0.999757,0.999791,0.999826,0.999861,0.999895,0.99993,0.999965,1
1,0.999964,0.999928,0.999892,0.999856,0.999821,0.999786,0.999751,0.999716,0.999682,0.999648,0.999614,0.999581,0.999549,0.999517,0.999486,0.999455,0.999425,0.999396,0.999367,0.999339,0.999312,0.999286,0.99926,0.999236,0.999212,0.999189,0.999167,0.999146,0.999126,0.999107,0.999088,0.999071,0.999055,0.99904,0.999026,0.999013,0.999001,0.99899,0.998981,0.998972,0.998964,0.998958,0.998952,0.998948,0.998945,0.998943,0.998941,0.998941,0.998942,0.998944,0.998947,0.998951,0.998957,0.998963,0.99897,0.998978,0.998987,0.998997,0.999008,0.999019,0.999032,0.999046,0.99906,0.999075,0.999091,0.999108,0.999125,0.999144,0.999163,0.999182,0.999203,0.999224,0.999245,0.999267,0.99929,0.999313,0.999337,0.999361,0.999386,0.999411,0.999437,0.999463,0.999489,0.999516,0.999543,0.99957,0.999598,0.999625,0.999653,0.999682,0.99971,0.999739,0.999767,0.999796,0.999825,0.999854,0.999883,0.999913,0.999942,0.999971,1
1,0.999971,0.999942,0.999913,0.999885,0.999856,0.999828,0.9998,0.999772,0.999745,0.999718,0.999691,0.999665,0.999639,0.999613,0.999588,0.999563,0.999539,0.999516,0.999493,0.99947,0.999449,0.999428,0.999407,0.999387,0.999368,0.99935,0.999332,0.999315,0.999299,0.999284,0.999269,0.999256,0.999243,0.999231,0.999219,0.999209,0.999199,0.999191,0.999183,0.999176,0.99917,0.999165,0.99916,0.999157,0.999154,0.999152,0.999151,0.999151,0.999152,0.999154,0.999156,0.999159,0.999163,0.999168,0.999174,0.99918,0.999188,0.999196,0.999204,0.999214,0.999224,0.999235,0.999246,0.999258,0.999271,0.999285,0.999299,0.999313,0.999328,0.999344,0.99936,0.999377,0.999395,0.999412,0.999431,0.999449,0.999468,0.999488,0.999507,0.999528,0.999548,0.999569,0.99959,0.999611,0.999633,0.999655,0.999677,0.999699,0.999722,0.999745,0.999767,0.99979,0.999813,0.999837,0.99986,0.999883,0.999906,0.99993,0.999953,0.999977,1
1,0.999978,0.999957,0.999935,0.999914,0.999892,0.999871,0.99985,0.999829,0.999808,0.999788,0.999768,0.999748,0.999729,0.999709,0.999691,0.999672,0.999654,0.999636,0.999619,0.999602,0.999586,0.99957,0.999555,0.99954,0.999526,0.999512,0.999499,0.999486,0.999474,0.999462,0.999451,0.999441,0.999431,0.999422,0.999414,0.999406,0.999399,0.999392,0.999386,0.999381,0.999377,0.999373,0.999369,0.999367,0.999365,0.999363,0.999363,0.999363,0.999363,0.999364,0.999366,0.999369,0.999372,0.999375,0.99938,0.999384,0.99939,0.999396,0.999402,0.999409,0.999417,0.999425,0.999434,0.999443,0.999452,0.999463,0.999473,0.999484,0.999495,0.999507,0.99952,0.999532,0.999545,0.999558,0.999572,0.999586,0.9996,0.999615,0.99963,0.999645,0.99966,0.999676,0.999692,0.999708,0.999724,0.999741,0.999757,0.999774,0.999791,0.999808,0.999825,0.999842,0.99986,0.999877,0.999895,0.999912,0.99993,0.999947,0.999965,0.999982,1
1,0.999986,0.999971,0.999957,0.999942,0.999928,0.999914,0.9999,0.999886,0.999872,0.999859,0.999845,0.999832,0.999819,0.999806,0.999794,0.999781,0.999769,0.999757,0.999746,0.999735,0.999724,0.999713,0.999703,0.999693,0.999684,0.999674,0.999665,0.999657,0.999649,0.999641,0.999634,0.999627,0.999621,0.999615,0.999609,0.999604,0.999599,0.999595,0.999591,0.999587,0.999584,0.999581,0.999579,0.999577,0.999576,0.999575,0.999575,0.999575,0.999575,0.999576,0.999577,0.999579,0.999581,0.999583,0.999586,0.999589,0.999593,0.999597,0.999601,0.999606,0.999611,0.999616,0.999622,0.999628,0.999635,0.999641,0.999648,0.999656,0.999663,0.999671,0.999679,0.999688,0.999696,0.999705,0.999714,0.999724,0.999733,0.999743,0.999753,0.999763,0.999773,0.999784,0.999794,0.999805,0.999816,0.999827,0.999838,0.999849,0.999861,0.999872,0.999883,0.999895,0.999906,0.999918,0.99993,0.999941,0.999953,0.999965,0.999977,0.999988,1
1,0.999993,0.999986,0.999978,0.999971,0.999964,0.999957,0.99995,0.999943,0.999936,0.999929,0.999923,0.999916,0.999909,0.999903,0.999897,0.999891,0.999885,0.999879,0.999873,0.999867,0.999862,0.999857,0.999851,0.999847,0.999842,0.999837,0.999833,0.999828,0.999824,0.999821,0.999817,0.999814,0.99981,0.999807,0.999804,0.999802,0.999799,0.999797,0.999795,0.999794,0.999792,0.999791,0.99979,0.999789,0.999788,0.999788,0.999787,0.999787,0.999787,0.999788,0.999788,0.999789,0.99979,0.999792,0.999793,0.999795,0.999796,0.999798,0.999801,0.999803,0.999805,0.999808,0.999811,0.999814,0.999817,0.999821,0.999824,0.999828,0.999832,0.999836,0.99984,0.999844,0.999848,0.999853,0.999857,0.999862,0.999867,0.999871,0.999876,0.999881,0.999887,0.999892,0.999897,0.999903,0.999908,0.999913,0.999919,0.999925,0.99993,0.999936,0.999942,0.999947,0.999953,0.999959,0.999965,0.999971,0.999977,0.999982,0.999988,0.999994,1
1,1,1,1,1,1,1,1,1,1,1,1,1,1,1,1,1,1,1,1,1,1,1,1,1,1,1,1,1,1,1,1,1,1,1,1,1,1,1,1,1,1,1,1,1,1,1,1,1,1,1,1,1,1,1,1,1,1,1,1,1,1,1,1,1,1,1,1,1,1,1,1,1,1,1,1,1,1,1,1,1,1,1,1,1,1,1,1,1,1,1,1,1,1,1,1,1,1,1,1,1,1
