1,0.499994,0.302335,0.209371,0.158472,0.127098,0.105999,0.0908801,0.079527,0.0706926,0.0636246,0.0578428,0.0530267,0.0489542,0.0454669,0.0424483,0.0398112,0.0374891,0.03543,0.0335932,0.0319458,0.0304617,0.0291191,0.0279004,0.0267907,0.0257775,0.0248506,0.024001,0.0232211,0.0225045,0.0218455,0.0212393,0.0206817,0.020169,0.0196981,0.0192661,0.0188705,0.0185093,0.0181804,0.0178824,0.0176136,0.0173729,0.0171592,0.0169714,0.0168088,0.0166706,0.0165563,0.0164655,0.0163976,0.0163526,0.0163301,0.0163301,0.0163526,0.0163976,0.0164655,0.0165563,0.0166706,0.0168088,0.0169714,0.0171592,0.0173729,0.0176136,0.0178824,0.0181804,0.0185093,0.0188705,0.0192661,0.0196981,0.020169,0.0206817,0.0212393,0.0218455,0.0225045,0.0232211,0.024001,0.0248506,0.0257775,0.0267907,0.0279004,0.0291191,0.0304617,0.0319458,0.0335932,0.03543,0.0374891,0.0398112,0.0424483,0.0454669,0.0489542,0.0530267,0.0578428,0.0636246,0.0706926,0.079527,0.0908801,0.105999,0.127098,0.158472,0.209371,0.302335,0.499994,1
1,0.69764,0.499975,0.376678,0.29742,0.243923,0.206017,0.177995,0.156535,0.139619,0.125963,0.11472,0.10531,0.0973235,0.0904652,0.0845152,0.0793078,0.0747153,0.070638,0.066997,0.0637288,0.0607821,0.0581147,0.055692,0.0534849,0.0514692,0.0496242,0.0479326,0.0463793,0.0449517,0.0436385,0.0424303,0.0413188,0.0402967,0.0393576,0.038496,0.037707,0.0369864,0.0363305,0.0357358,0.0351996,0.0347193,0.0342927,0.033918,0.0335935,0.0333177,0.0330896,0.0329083,0.0327729,0.0326829,0.0326381,0.0326381,0.0326829,0.0327729,0.0329083,0.0330896,0.0333177,0.0335935,0.033918,0.0342927,0.0347193,0.0351996,0.0357358,0.0363305,0.0369864,0.037707,0.038496,0.0393576,0.0402967,0.0413188,0.0424303,0.0436385,0.0449517,0.0463793,0.0479326,0.0496242,0.0514692,0.0534849,0.055692,0.0581147,0.0607821,0.0637288,0.066997,0.070638,0.0747153,0.0793078,0.0845152,0.0904652,0.0973235,0.10531,0.11472,0.125963,0.139619,0.156535,0.177995,0.206017,0.243923,0.29742,0.376678,0.499975,0.69764,1
1,0.790592,0.623248,0.499944,0.410605,0.345157,0.296151,0.258547,0.229001,0.205285,0.185889,0.169764,0.156169,0.144565,0.134555,0.12584,0.11819,0.111427,0.10541,0.100028,0.0951907,0.0908235,0.0868662,0.0832685,0.0799884,0.0769906,0.074245,0.0717263,0.0694125,0.0672849,0.0653272,0.0635254,0.0618672,0.0603419,0.0589402,0.057654,0.0564759,0.0553997,0.0544199,0.0535315,0.0527304,0.0520127,0.0513752,0.0508152,0.0503301,0.0499179,0.049577,0.0493059,0.0491035,0.048969,0.0489019,0.0489019,0.048969,0.0491035,0.0493059,0.049577,0.0499179,0.0503301,0.0508152,0.0513752,0.0520127,0.0527304,0.0535315,0.0544199,0.0553997,0.0564759,0.057654,0.0589402,0.0603419,0.0618672,0.0635254,0.0653272,0.0672849,0.0694125,0.0717263,0.074245,0.0769906,0.0799884,0.0832685,0.0868662,0.0908235,0.0951907,0.100028,0.10541,0.111427,0.11819,0.12584,0.134555,0.144565,0.156169,0.169764,0.185889,0.205285,0.229001,0.258547,0.296151,0.345157,0.410605,0.499944,0.623248,0.790592,1
1,0.841478,0.702482,0.589246,0.499901,0.429947,0.374885,0.331041,0.295636,0.266633,0.242544,0.22228,0.205038,0.190214,0.177352,0.1661,0.156185,0.147392,0.139548,0.132516,0.126183,0.120456,0.115259,0.110528,0.10621,0.102261,0.0986399,0.0953159,0.0922604,0.0894491,0.0868609,0.0844777,0.0822836,0.0802646,0.0784085,0.0767048,0.0751439,0.0737177,0.0724189,0.0712411,0.0701788,0.069227,0.0683814,0.0676385,0.0669949,0.0664481,0.0659957,0.0656359,0.0653673,0.0651889,0.0650998,0.0650998,0.0651889,0.0653673,0.0656359,0.0659957,0.0664481,0.0669949,0.0676385,0.0683814,0.069227,0.0701788,0.0712411,0.0724189,0.0737177,0.0751439,0.0767048,0.0784085,0.0802646,0.0822836,0.0844777,0.0868609,0.0894491,0.0922604,0.0953159,0.0986399,0.102261,0.10621,0.110528,0.115259,0.120456,0.126183,0.132516,0.139548,0.147392,0.156185,0.1661,0.177352,0.190214,0.205038,0.22228,0.242544,0.266633,0.295636,0.331041,0.374885,0.429947,0.499901,0.589246,0.702482,0.841478,1
1,0.87284,0.755954,0.654658,0.569806,0.499846,0.442401,0.395094,0.355871,0.323066,0.295373,0.271775,0.251488,0.233901,0.218538,0.205024,0.19306,0.182408,0.172876,0.164306,0.156569,0.149559,0.143186,0.137376,0.132066,0.127202,0.122739,0.118638,0.114865,0.111391,0.108191,0.105242,0.102526,0.100026,0.0977258,0.095614,0.0936786,0.0919097,0.0902983,0.0888367,0.0875181,0.0863364,0.0852865,0.0843639,0.0835646,0.0828853,0.0823233,0.0818763,0.0815426,0.0813209,0.0812102,0.0812102,0.0813209,0.0815426,0.0818763,0.0823233,0.0828853,0.0835646,0.0843639,0.0852865,0.0863364,0.0875181,0.0888367,0.0902983,0.0919097,0.0936786,0.095614,0.0977258,0.100026,0.102526,0.105242,0.108191,0.111391,0.114865,0.118638,0.122739,0.127202,0.132066,0.137376,0.143186,0.149559,0.156569,0.164306,0.172876,0.182408,0.19306,0.205024,0.218538,0.233901,0.251488,0.271775,0.295373,0.323066,0.355871,0.395094,0.442401,0.499846,0.569806,0.654658,0.755954,0.87284,1
1,0.893927,0.793835,0.703627,0.62482,0.557231,0.499779,0.451066,0.409688,0.37439,0.344107,0.31796,0.295238,0.275365,0.257876,0.242397,0.228623,0.216306,0.205243,0.195264,0.18623,0.178026,0.170551,0.163725,0.157476,0.151744,0.146478,0.141634,0.137173,0.133061,0.129271,0.125776,0.122555,0.119587,0.116857,0.114348,0.112049,0.109946,0.10803,0.106291,0.104722,0.103316,0.102066,0.100968,0.100016,0.0992071,0.0985377,0.0980053,0.0976078,0.0973437,0.0972118,0.0972118,0.0973437,0.0976078,0.0980053,0.0985377,0.0992071,0.100016,0.100968,0.102066,0.103316,0.104722,0.106291,0.10803,0.109946,0.112049,0.114348,0.116857,0.119587,0.122555,0.125776,0.129271,0.133061,0.137173,0.141634,0.146478,0.151744,0.157476,0.163725,0.170551,0.178026,0.18623,0.195264,0.205243,0.216306,0.228623,0.242397,0.257876,0.275365,0.295238,0.31796,0.344107,0.37439,0.409688,0.451066,0.499779,0.557231,0.62482,0.703627,0.793835,0.893927,1
1,0.909034,0.821833,0.741195,0.668616,0.604477,0.548421,0.499701,0.457425,0.420699,0.388704,0.360722,0.336141,0.314446,0.295206,0.278067,0.262731,0.248953,0.236525,0.225278,0.215064,0.205763,0.197271,0.189498,0.18237,0.175822,0.169798,0.164248,0.159132,0.154412,0.150057,0.146038,0.142331,0.138914,0.135768,0.132876,0.130224,0.127797,0.125586,0.123578,0.121766,0.120141,0.118697,0.117427,0.116327,0.115392,0.114618,0.114002,0.113542,0.113236,0.113084,0.113084,0.113236,0.113542,0.114002,0.114618,0.115392,0.116327,0.117427,0.118697,0.120141,0.121766,0.123578,0.125586,0.127797,0.130224,0.132876,0.135768,0.138914,0.142331,0.146038,0.150057,0.154412,0.159132,0.164248,0.169798,0.175822,0.18237,0.189498,0.197271,0.205763,0.215064,0.225278,0.236525,0.248953,0.262731,0.278067,0.295206,0.314446,0.336141,0.360722,0.388704,0.420699,0.457425,0.499701,0.548421,0.604477,0.668616,0.741195,0.821833,0.909034,1
1,0.920375,0.843268,0.770705,0.703972,0.64364,0.589727,0.541894,0.499611,0.462277,0.429289,0.400085,0.374159,0.351071,0.330437,0.311934,0.295283,0.280248,0.26663,0.254258,0.242988,0.232694,0.223271,0.214629,0.206687,0.199378,0.192643,0.186431,0.180697,0.175401,0.170509,0.165991,0.16182,0.157972,0.154428,0.151167,0.148175,0.145437,0.14294,0.140672,0.138625,0.136788,0.135156,0.13372,0.132475,0.131417,0.130542,0.129845,0.129325,0.128979,0.128806,0.128806,0.128979,0.129325,0.129845,0.130542,0.131417,0.132475,0.13372,0.135156,0.136788,0.138625,0.140672,0.14294,0.145437,0.148175,0.151167,0.154428,0.157972,0.16182,0.165991,0.170509,0.175401,0.180697,0.186431,0.192643,0.199378,0.206687,0.214629,0.223271,0.232694,0.242988,0.254258,0.26663,0.280248,0.295283,0.311934,0.330437,0.351071,0.374159,0.400085,0.429289,0.462277,0.499611,0.541894,0.589727,0.64364,0.703972,0.770705,0.843268,0.920375,1
1,0.929197,0.860161,0.794385,0.732928,0.676385,0.624953,0.578537,0.536851,0.499511,0.466092,0.43617,0.409342,0.385241,0.36354,0.34395,0.32622,0.310129,0.295491,0.28214,0.269935,0.258756,0.248494,0.23906,0.230373,0.222362,0.214969,0.208139,0.201826,0.195988,0.190589,0.185599,0.180987,0.17673,0.172805,0.169193,0.165876,0.162838,0.160067,0.157549,0.155275,0.153235,0.15142,0.149824,0.148441,0.147264,0.14629,0.145515,0.144936,0.144551,0.144359,0.144359,0.144551,0.144936,0.145515,0.14629,0.147264,0.148441,0.149824,0.15142,0.153235,0.155275,0.157549,0.160067,0.162838,0.165876,0.169193,0.172805,0.17673,0.180987,0.185599,0.190589,0.195988,0.201826,0.208139,0.214969,0.222362,0.230373,0.23906,0.248494,0.258756,0.269935,0.28214,0.295491,0.310129,0.32622,0.34395,0.36354,0.385241,0.409342,0.43617,0.466092,0.499511,0.536851,0.578537,0.624953,0.676385,0.732928,0.794385,0.860161,0.929197,1
1,0.936253,0.873793,0.813746,0.75697,0.70402,0.655166,0.610449,0.569745,0.532824,0.4994,0.469161,0.441798,0.417013,0.394533,0.374109,0.355517,0.338561,0.323065,0.308876,0.295861,0.283901,0.272893,0.262747,0.253383,0.244733,0.236734,0.229332,0.222481,0.216138,0.210265,0.20483,0.199803,0.195159,0.190873,0.186926,0.183299,0.179976,0.176943,0.174186,0.171695,0.169459,0.16747,0.16572,0.164202,0.162911,0.161842,0.160992,0.160356,0.159934,0.159723,0.159723,0.159934,0.160356,0.160992,0.161842,0.162911,0.164202,0.16572,0.16747,0.169459,0.171695,0.174186,0.176943,0.179976,0.183299,0.186926,0.190873,0.195159,0.199803,0.20483,0.210265,0.216138,0.222481,0.229332,0.236734,0.244733,0.253383,0.262747,0.272893,0.283901,0.295861,0.308876,0.323065,0.338561,0.355517,0.374109,0.394533,0.417013,0.441798,0.469161,0.4994,0.532824,0.569745,0.610449,0.655166,0.70402,0.75697,0.813746,0.873793,0.936253,1
1,0.942024,0.885013,0.829835,0.777186,0.727559,0.681242,0.638349,0.598856,0.562642,0.529523,0.499279,0.471676,0.446482,0.423472,0.402437,0.383182,0.365533,0.349334,0.334442,0.320733,0.308096,0.296432,0.285653,0.275683,0.266454,0.257903,0.249979,0.242632,0.23582,0.229506,0.223656,0.21824,0.213231,0.208606,0.204343,0.200423,0.196829,0.193546,0.190562,0.187863,0.18544,0.183284,0.181386,0.17974,0.17834,0.17718,0.176257,0.175568,0.175109,0.17488,0.17488,0.175109,0.175568,0.176257,0.17718,0.17834,0.17974,0.181386,0.183284,0.18544,0.187863,0.190562,0.193546,0.196829,0.200423,0.204343,0.208606,0.213231,0.21824,0.223656,0.229506,0.23582,0.242632,0.249979,0.257903,0.266454,0.275683,0.285653,0.296432,0.308096,0.320733,0.334442,0.349334,0.365533,0.383182,0.402437,0.423472,0.446482,0.471676,0.499279,0.529523,0.562642,0.598856,0.638349,0.681242,0.727559,0.777186,0.829835,0.885013,0.942024,1
1,0.946828,0.8944,0.843395,0.794383,0.747788,0.703895,0.66285,0.62469,0.589367,0.556772,0.526756,0.499148,0.473769,0.450439,0.428985,0.409242,0.39106,0.374297,0.358827,0.344536,0.33132,0.319087,0.307754,0.297246,0.287498,0.278451,0.27005,0.26225,0.255009,0.248287,0.242052,0.236274,0.230924,0.22598,0.22142,0.217223,0.213374,0.209855,0.206655,0.20376,0.201159,0.198844,0.196806,0.195037,0.193532,0.192285,0.191293,0.190552,0.190059,0.189813,0.189813,0.190059,0.190552,0.191293,0.192285,0.193532,0.195037,0.196806,0.198844,0.201159,0.20376,0.206655,0.209855,0.213374,0.217223,0.22142,0.22598,0.230924,0.236274,0.242052,0.248287,0.255009,0.26225,0.27005,0.278451,0.287498,0.297246,0.307754,0.319087,0.33132,0.344536,0.358827,0.374297,0.39106,0.409242,0.428985,0.450439,0.473769,0.499148,0.526756,0.556772,0.589367,0.62469,0.66285,0.703895,0.747788,0.794383,0.843395,0.8944,0.946828,1
1,0.950889,0.902363,0.854965,0.809161,0.765318,0.7237,0.684466,0.647688,0.613366,0.581444,0.551826,0.524393,0.499008,0.475532,0.453824,0.433745,0.415168,0.397969,0.382036,0.367266,0.353565,0.340846,0.329032,0.318053,0.307846,0.298353,0.289525,0.281314,0.27368,0.266585,0.259995,0.253881,0.248216,0.242975,0.238136,0.233681,0.229591,0.225851,0.222446,0.219365,0.216597,0.214131,0.211959,0.210074,0.20847,0.207141,0.206083,0.205292,0.204766,0.204504,0.204504,0.204766,0.205292,0.206083,0.207141,0.20847,0.210074,0.211959,0.214131,0.216597,0.219365,0.222446,0.225851,0.229591,0.233681,0.238136,0.242975,0.248216,0.253881,0.259995,0.266585,0.27368,0.281314,0.289525,0.298353,0.307846,0.318053,0.329032,0.340846,0.353565,0.367266,0.382036,0.397969,0.415168,0.433745,0.453824,0.475532,0.499008,0.524393,0.551826,0.581444,0.613366,0.647688,0.684466,0.7237,0.765318,0.809161,0.854965,0.902363,0.950889,1
1,0.954365,0.909199,0.864941,0.821978,0.780625,0.741121,0.703626,0.668231,0.634966,0.603812,0.574714,0.54759,0.522341,0.49886,0.477034,0.45675,0.4379,0.420378,0.404086,0.388931,0.37483,0.361702,0.349478,0.338091,0.327482,0.317596,0.308386,0.299806,0.291816,0.284381,0.277467,0.271044,0.265087,0.259571,0.254475,0.249778,0.245463,0.241515,0.237919,0.234664,0.231737,0.229129,0.226831,0.224836,0.223138,0.22173,0.22061,0.219772,0.219215,0.218937,0.218937,0.219215,0.219772,0.22061,0.22173,0.223138,0.224836,0.226831,0.229129,0.231737,0.234664,0.237919,0.241515,0.245463,0.249778,0.254475,0.259571,0.265087,0.271044,0.277467,0.284381,0.291816,0.299806,0.308386,0.317596,0.327482,0.338091,0.349478,0.361702,0.37483,0.388931,0.404086,0.420378,0.4379,0.45675,0.477034,0.49886,0.522341,0.54759,0.574714,0.603812,0.634966,0.668231,0.703626,0.741121,0.780625,0.821978,0.864941,0.909199,0.954365,1
1,0.957372,0.915126,0.873623,0.833185,0.794084,0.756533,0.720688,0.686647,0.654457,0.624127,0.59563,0.568913,0.543909,0.520535,0.498704,0.478324,0.459306,0.441559,0.425,0.409546,0.395123,0.38166,0.36909,0.357355,0.346397,0.336168,0.32662,0.31771,0.309402,0.301659,0.294451,0.287747,0.281522,0.275753,0.270418,0.265497,0.260974,0.256832,0.253057,0.249638,0.246563,0.243821,0.241405,0.239307,0.23752,0.236038,0.234859,0.233977,0.233391,0.233098,0.233098,0.233391,0.233977,0.234859,0.236038,0.23752,0.239307,0.241405,0.243821,0.246563,0.249638,0.253057,0.256832,0.260974,0.265497,0.270418,0.275753,0.281522,0.287747,0.294451,0.301659,0.309402,0.31771,0.32662,0.336168,0.346397,0.357355,0.36909,0.38166,0.395123,0.409546,0.425,0.441559,0.459306,0.478324,0.498704,0.520535,0.543909,0.568913,0.59563,0.624127,0.654457,0.686647,0.720688,0.756533,0.794084,0.833185,0.873623,0.915126,0.957372,1
1,0.959999,0.920312,0.88124,0.843056,0.805993,0.770242,0.735948,0.703211,0.67209,0.642611,0.614766,0.588527,0.563848,0.54067,0.518924,0.49854,0.479442,0.461557,0.444811,0.429135,0.414461,0.400726,0.387872,0.375844,0.364589,0.354062,0.344218,0.335019,0.326427,0.318409,0.310934,0.303975,0.297507,0.291506,0.285951,0.280824,0.276107,0.271786,0.267845,0.264274,0.26106,0.258193,0.255666,0.253471,0.251601,0.250051,0.248816,0.247892,0.247278,0.246972,0.246972,0.247278,0.247892,0.248816,0.250051,0.251601,0.253471,0.255666,0.258193,0.26106,0.264274,0.267845,0.271786,0.276107,0.280824,0.285951,0.291506,0.297507,0.303975,0.310934,0.318409,0.326427,0.335019,0.344218,0.354062,0.364589,0.375844,0.387872,0.400726,0.414461,0.429135,0.444811,0.461557,0.479442,0.49854,0.518924,0.54067,0.563848,0.588527,0.614766,0.642611,0.67209,0.703211,0.735948,0.770242,0.805993,0.843056,0.88124,0.920312,0.959999,1
1,0.96231,0.924883,0.887971,0.851806,0.81659,0.782494,0.749651,0.71816,0.688085,0.659461,0.632298,0.606583,0.582289,0.559374,0.537787,0.517472,0.49837,0.480418,0.463556,0.447724,0.432862,0.418917,0.405833,0.393563,0.382058,0.371277,0.361178,0.351724,0.342882,0.334619,0.326907,0.319718,0.313029,0.306817,0.301062,0.295746,0.290852,0.286364,0.28227,0.278558,0.275215,0.272232,0.269602,0.267316,0.265368,0.263753,0.262466,0.261504,0.260864,0.260545,0.260545,0.260864,0.261504,0.262466,0.263753,0.265368,0.267316,0.269602,0.272232,0.275215,0.278558,0.28227,0.286364,0.290852,0.295746,0.301062,0.306817,0.313029,0.319718,0.326907,0.334619,0.342882,0.351724,0.361178,0.371277,0.382058,0.393563,0.405833,0.418917,0.432862,0.447724,0.463556,0.480418,0.49837,0.517472,0.537787,0.559374,0.582289,0.606583,0.632298,0.659461,0.688085,0.71816,0.749651,0.782494,0.81659,0.851806,0.887971,0.924883,0.96231,1
1,0.964358,0.928939,0.893956,0.859607,0.82607,0.793495,0.762005,0.731694,0.702629,0.674853,0.648383,0.623222,0.599354,0.576752,0.55538,0.535195,0.516149,0.498193,0.481276,0.465345,0.450353,0.436248,0.422985,0.410519,0.398809,0.387813,0.377497,0.367824,0.358763,0.350284,0.34236,0.334966,0.328079,0.321676,0.31574,0.310251,0.305195,0.300556,0.29632,0.292477,0.289015,0.285925,0.283199,0.280829,0.278809,0.277134,0.275798,0.2748,0.274136,0.273804,0.273804,0.274136,0.2748,0.275798,0.277134,0.278809,0.280829,0.283199,0.285925,0.289015,0.292477,0.29632,0.300556,0.305195,0.310251,0.31574,0.321676,0.328079,0.334966,0.34236,0.350284,0.358763,0.367824,0.377497,0.387813,0.398809,0.410519,0.422985,0.436248,0.450353,0.465345,0.481276,0.498193,0.516149,0.535195,0.55538,0.576752,0.599354,0.623222,0.648383,0.674853,0.702629,0.731694,0.762005,0.793495,0.82607,0.859607,0.893956,0.928939,0.964358,1
1,0.966185,0.932559,0.899306,0.866598,0.834588,0.803411,0.77318,0.743983,0.715888,0.688939,0.663163,0.63857,0.615155,0.592903,0.571789,0.551781,0.532842,0.514933,0.498011,0.482034,0.466958,0.452742,0.439344,0.426726,0.414848,0.403676,0.393176,0.383316,0.374066,0.3654,0.35729,0.349714,0.342649,0.336076,0.329976,0.324331,0.319127,0.314349,0.309984,0.306021,0.30245,0.299261,0.296446,0.293999,0.291912,0.29018,0.2888,0.287768,0.287082,0.286739,0.286739,0.287082,0.287768,0.2888,0.29018,0.291912,0.293999,0.296446,0.299261,0.30245,0.306021,0.309984,0.314349,0.319127,0.324331,0.329976,0.336076,0.342649,0.349714,0.35729,0.3654,0.374066,0.383316,0.393176,0.403676,0.414848,0.426726,0.439344,0.452742,0.466958,0.482034,0.498011,0.514933,0.532842,0.551781,0.571789,0.592903,0.615155,0.63857,0.663163,0.688939,0.715888,0.743983,0.77318,0.803411,0.834588,0.866598,0.899306,0.932559,0.966185,1
1,0.967822,0.935807,0.904114,0.872891,0.842274,0.812384,0.783323,0.755174,0.728002,0.701854,0.676762,0.652741,0.629796,0.607919,0.587095,0.567301,0.548509,0.530689,0.513806,0.497824,0.482709,0.468422,0.454929,0.442195,0.430187,0.418873,0.408221,0.398203,0.388793,0.379963,0.371692,0.363956,0.356734,0.350009,0.343762,0.337977,0.332639,0.327735,0.323253,0.319181,0.315509,0.31223,0.309333,0.306814,0.304665,0.302883,0.301461,0.300398,0.299691,0.299337,0.299337,0.299691,0.300398,0.301461,0.302883,0.304665,0.306814,0.309333,0.31223,0.315509,0.319181,0.323253,0.327735,0.332639,0.337977,0.343762,0.350009,0.356734,0.363956,0.371692,0.379963,0.388793,0.398203,0.408221,0.418873,0.430187,0.442195,0.454929,0.468422,0.482709,0.497824,0.513806,0.530689,0.548509,0.567301,0.587095,0.607919,0.629796,0.652741,0.676762,0.701854,0.728002,0.755174,0.783323,0.812384,0.842274,0.872891,0.904114,0.935807,0.967822,1
1,0.969296,0.938734,0.908451,0.878578,0.849235,0.82053,0.792555,0.765388,0.739093,0.713716,0.689292,0.66584,0.643372,0.621886,0.601374,0.581822,0.563209,0.545512,0.528703,0.512754,0.497634,0.483313,0.46976,0.456945,0.444838,0.433411,0.422637,0.412489,0.402943,0.393975,0.385564,0.377688,0.37033,0.36347,0.357092,0.351181,0.345724,0.340706,0.336117,0.331947,0.328184,0.324821,0.321851,0.319266,0.317061,0.31523,0.313771,0.312679,0.311953,0.31159,0.31159,0.311953,0.312679,0.313771,0.31523,0.317061,0.319266,0.321851,0.324821,0.328184,0.331947,0.336117,0.340706,0.345724,0.351181,0.357092,0.36347,0.37033,0.377688,0.385564,0.393975,0.402943,0.412489,0.422637,0.433411,0.444838,0.456945,0.46976,0.483313,0.497634,0.512754,0.528703,0.545512,0.563209,0.581822,0.601374,0.621886,0.643372,0.66584,0.689292,0.713716,0.739093,0.765388,0.792555,0.82053,0.849235,0.878578,0.908451,0.938734,0.969296,1
1,0.970629,0.941382,0.912379,0.883736,0.855559,0.827946,0.80098,0.774734,0.749268,0.724628,0.700851,0.677959,0.655968,0.634881,0.614697,0.595407,0.576997,0.55945,0.542745,0.526858,0.511765,0.49744,0.483857,0.47099,0.458814,0.447302,0.436432,0.426179,0.416521,0.407437,0.398907,0.390911,0.383433,0.376455,0.369962,0.363939,0.358375,0.353256,0.348571,0.344311,0.340466,0.337028,0.33399,0.331345,0.329088,0.327215,0.325721,0.324603,0.323859,0.323487,0.323487,0.323859,0.324603,0.325721,0.327215,0.329088,0.331345,0.33399,0.337028,0.340466,0.344311,0.348571,0.353256,0.358375,0.363939,0.369962,0.376455,0.383433,0.390911,0.398907,0.407437,0.416521,0.426179,0.436432,0.447302,0.458814,0.47099,0.483857,0.49744,0.511765,0.526858,0.542745,0.55945,0.576997,0.595407,0.614697,0.634881,0.655968,0.677959,0.700851,0.724628,0.749268,0.774734,0.80098,0.827946,0.855559,0.883736,0.912379,0.941382,0.970629,1
1,0.971838,0.943785,0.915948,0.888429,0.861322,0.834716,0.808686,0.783302,0.758618,0.734681,0.711527,0.689182,0.667662,0.646977,0.627129,0.608115,0.589927,0.572551,0.555973,0.540173,0.525133,0.51083,0.497244,0.484351,0.47213,0.460559,0.449615,0.43928,0.429531,0.420351,0.411721,0.403623,0.396042,0.388961,0.382368,0.376247,0.370588,0.365378,0.360608,0.356268,0.352348,0.348843,0.345743,0.343044,0.340741,0.338828,0.337302,0.33616,0.3354,0.33502,0.33502,0.3354,0.33616,0.337302,0.338828,0.340741,0.343044,0.345743,0.348843,0.352348,0.356268,0.360608,0.365378,0.370588,0.376247,0.382368,0.388961,0.396042,0.403623,0.411721,0.420351,0.429531,0.43928,0.449615,0.460559,0.47213,0.484351,0.497244,0.51083,0.525133,0.540173,0.555973,0.572551,0.589927,0.608115,0.627129,0.646977,0.667662,0.689182,0.711527,0.734681,0.758618,0.783302,0.808686,0.834716,0.861322,0.888429,0.915948,0.943785,0.971838,1
1,0.972939,0.945974,0.919201,0.89271,0.866586,0.84091,0.81575,0.79117,0.767223,0.743954,0.721397,0.699581,0.678524,0.658239,0.638731,0.620003,0.602048,0.58486,0.568426,0.552734,0.537768,0.52351,0.509942,0.497046,0.484802,0.473192,0.462198,0.451799,0.44198,0.432722,0.424009,0.415826,0.408157,0.400988,0.394307,0.388101,0.382359,0.377069,0.372223,0.367811,0.363825,0.360258,0.357104,0.354356,0.35201,0.350062,0.348507,0.347343,0.346569,0.346182,0.346182,0.346569,0.347343,0.348507,0.350062,0.35201,0.354356,0.357104,0.360258,0.363825,0.367811,0.372223,0.377069,0.382359,0.388101,0.394307,0.400988,0.408157,0.415826,0.424009,0.432722,0.44198,0.451799,0.462198,0.473192,0.484802,0.497046,0.509942,0.52351,0.537768,0.552734,0.568426,0.58486,0.602048,0.620003,0.638731,0.658239,0.678524,0.699581,0.721397,0.743954,0.767223,0.79117,0.81575,0.84091,0.866586,0.89271,0.919201,0.945974,0.972939,1
1,0.973943,0.947972,0.922172,0.896624,0.871405,0.846588,0.822236,0.798408,0.775154,0.752516,0.73053,0.709224,0.688618,0.668726,0.649559,0.631119,0.613407,0.596417,0.580143,0.564574,0.549699,0.535504,0.521974,0.509093,0.496847,0.485217,0.474189,0.463747,0.453874,0.444555,0.435775,0.427521,0.419779,0.412536,0.40578,0.399499,0.393684,0.388324,0.383411,0.378936,0.374891,0.37127,0.368066,0.365275,0.362891,0.36091,0.359329,0.358146,0.357359,0.356965,0.356965,0.357359,0.358146,0.359329,0.36091,0.362891,0.365275,0.368066,0.37127,0.374891,0.378936,0.383411,0.388324,0.393684,0.399499,0.40578,0.412536,0.419779,0.427521,0.435775,0.444555,0.453874,0.463747,0.474189,0.485217,0.496847,0.509093,0.521974,0.535504,0.549699,0.564574,0.580143,0.596417,0.613407,0.631119,0.649559,0.668726,0.688618,0.709224,0.73053,0.752516,0.775154,0.798408,0.822236,0.846588,0.871405,0.896624,0.922172,0.947972,0.973943,1
1,0.974861,0.9498,0.924891,0.90021,0.875825,0.851802,0.8282,0.805074,0.78247,0.76043,0.738987,0.71817,0.698,0.678494,0.659663,0.641513,0.624047,0.607264,0.591159,0.575726,0.560956,0.546838,0.533362,0.520513,0.50828,0.496647,0.485603,0.475131,0.46522,0.455855,0.447023,0.438712,0.430909,0.423603,0.416784,0.41044,0.404562,0.399142,0.39417,0.389639,0.385542,0.381872,0.378625,0.375794,0.373376,0.371367,0.369763,0.368563,0.367763,0.367364,0.367364,0.367763,0.368563,0.369763,0.371367,0.373376,0.375794,0.378625,0.381872,0.385542,0.389639,0.39417,0.399142,0.404562,0.41044,0.416784,0.423603,0.430909,0.438712,0.447023,0.455855,0.46522,0.475131,0.485603,0.496647,0.50828,0.520513,0.533362,0.546838,0.560956,0.575726,0.591159,0.607264,0.624047,0.641513,0.659663,0.678494,0.698,0.71817,0.738987,0.76043,0.78247,0.805074,0.8282,0.851802,0.875825,0.90021,0.924891,0.9498,0.974861,1
1,0.975702,0.951474,0.927385,0.9035,0.879884,0.856596,0.833691,0.811219,0.789225,0.767748,0.746821,0.726471,0.706722,0.68759,0.669089,0.651228,0.63401,0.617437,0.601509,0.58622,0.571566,0.557538,0.544127,0.531324,0.519118,0.507497,0.496449,0.485963,0.476027,0.466629,0.457757,0.449401,0.44155,0.434193,0.42732,0.420923,0.414991,0.409518,0.404495,0.399916,0.395773,0.392061,0.388775,0.38591,0.383462,0.381427,0.379803,0.378586,0.377777,0.377372,0.377372,0.377777,0.378586,0.379803,0.381427,0.383462,0.38591,0.388775,0.392061,0.395773,0.399916,0.404495,0.409518,0.414991,0.420923,0.42732,0.434193,0.44155,0.449401,0.457757,0.466629,0.476027,0.485963,0.496449,0.507497,0.519118,0.531324,0.544127,0.557538,0.571566,0.58622,0.601509,0.617437,0.63401,0.651228,0.669089,0.68759,0.706722,0.726471,0.746821,0.767748,0.789225,0.811219,0.833691,0.856596,0.879884,0.9035,0.927385,0.951474,0.975702,1
1,0.976474,0.953011,0.929674,0.906523,0.883617,0.861009,0.838751,0.816889,0.795466,0.774519,0.75408,0.734176,0.71483,0.69606,0.677881,0.660302,0.643331,0.626971,0.611223,0.596085,0.581555,0.567626,0.554292,0.541545,0.529377,0.517779,0.50674,0.496251,0.486303,0.476883,0.467984,0.459594,0.451704,0.444306,0.43739,0.430947,0.424971,0.419453,0.414386,0.409765,0.405582,0.401834,0.398514,0.395618,0.393143,0.391086,0.389443,0.388213,0.387394,0.386985,0.386985,0.387394,0.388213,0.389443,0.391086,0.393143,0.395618,0.398514,0.401834,0.405582,0.409765,0.414386,0.419453,0.424971,0.430947,0.43739,0.444306,0.451704,0.459594,0.467984,0.476883,0.486303,0.496251,0.50674,0.517779,0.529377,0.541545,0.554292,0.567626,0.581555,0.596085,0.611223,0.626971,0.643331,0.660302,0.677881,0.69606,0.71483,0.734176,0.75408,0.774519,0.795466,0.816889,0.838751,0.861009,0.883617,0.906523,0.929674,0.953011,0.976474,1
1,0.977183,0.954423,0.931778,0.909303,0.887052,0.865073,0.843416,0.822123,0.801235,0.780785,0.760807,0.741326,0.722365,0.703943,0.686076,0.668774,0.652047,0.635898,0.620332,0.605349,0.590948,0.577124,0.563875,0.551193,0.539074,0.527508,0.516489,0.506008,0.496056,0.486626,0.477708,0.469294,0.461376,0.453945,0.446994,0.440515,0.434501,0.428945,0.423841,0.419184,0.414967,0.411186,0.407837,0.404915,0.402417,0.400339,0.398681,0.397438,0.396611,0.396197,0.396197,0.396611,0.397438,0.398681,0.400339,0.402417,0.404915,0.407837,0.411186,0.414967,0.419184,0.423841,0.428945,0.434501,0.440515,0.446994,0.453945,0.461376,0.469294,0.477708,0.486626,0.496056,0.506008,0.516489,0.527508,0.539074,0.551193,0.563875,0.577124,0.590948,0.605349,0.620332,0.635898,0.652047,0.668774,0.686076,0.703943,0.722365,0.741326,0.760807,0.780785,0.801235,0.822123,0.843416,0.865073,0.887052,0.909303,0.931778,0.954423,0.977183,1
1,0.977834,0.955721,0.933714,0.911861,0.890214,0.868819,0.847719,0.826956,0.806566,0.786584,0.767039,0.747959,0.729365,0.711277,0.69371,0.676677,0.660187,0.644248,0.628864,0.614037,0.599768,0.586055,0.572896,0.560287,0.548223,0.536698,0.525707,0.515242,0.505297,0.495864,0.486937,0.478507,0.470568,0.463113,0.456134,0.449626,0.443581,0.437994,0.432859,0.428171,0.423925,0.420117,0.416742,0.413797,0.411279,0.409184,0.407511,0.406258,0.405424,0.405006,0.405006,0.405424,0.406258,0.407511,0.409184,0.411279,0.413797,0.416742,0.420117,0.423925,0.428171,0.432859,0.437994,0.443581,0.449626,0.456134,0.463113,0.470568,0.478507,0.486937,0.495864,0.505297,0.515242,0.525707,0.536698,0.548223,0.560287,0.572896,0.586055,0.599768,0.614037,0.628864,0.644248,0.660187,0.676677,0.69371,0.711277,0.729365,0.747959,0.767039,0.786584,0.806566,0.826956,0.847719,0.868819,0.890214,0.911861,0.933714,0.955721,0.977834,1
1,0.978433,0.956915,0.935494,0.914216,0.893127,0.872271,0.851688,0.831417,0.811493,0.791948,0.772812,0.754109,0.735863,0.718093,0.700814,0.68404,0.667783,0.652049,0.636844,0.622174,0.608038,0.594439,0.581374,0.568842,0.556839,0.545362,0.534405,0.523964,0.514032,0.504605,0.495675,0.487237,0.479285,0.471812,0.464813,0.458282,0.452212,0.4466,0.44144,0.436726,0.432456,0.428624,0.425227,0.422262,0.419726,0.417617,0.415932,0.41467,0.413829,0.413408,0.413408,0.413829,0.41467,0.415932,0.417617,0.419726,0.422262,0.425227,0.428624,0.432456,0.436726,0.44144,0.4466,0.452212,0.458282,0.464813,0.471812,0.479285,0.487237,0.495675,0.504605,0.514032,0.523964,0.534405,0.545362,0.556839,0.568842,0.581374,0.594439,0.608038,0.622174,0.636844,0.652049,0.667783,0.68404,0.700814,0.718093,0.735863,0.754109,0.772812,0.791948,0.811493,0.831417,0.851688,0.872271,0.893127,0.914216,0.935494,0.956915,0.978433,1
1,0.978984,0.958013,0.937131,0.916382,0.895809,0.875451,0.855347,0.835533,0.816043,0.796907,0.778153,0.759807,0.74189,0.724421,0.707418,0.690893,0.674859,0.659325,0.644297,0.62978,0.615779,0.602294,0.589326,0.576875,0.564937,0.553512,0.542596,0.532184,0.522272,0.512856,0.503931,0.495491,0.487532,0.480048,0.473034,0.466485,0.460397,0.454764,0.449582,0.444848,0.440557,0.436705,0.43329,0.430309,0.427758,0.425635,0.42394,0.42267,0.421823,0.4214,0.4214,0.421823,0.42267,0.42394,0.425635,0.427758,0.430309,0.43329,0.436705,0.440557,0.444848,0.449582,0.454764,0.460397,0.466485,0.473034,0.480048,0.487532,0.495491,0.503931,0.512856,0.522272,0.532184,0.542596,0.553512,0.564937,0.576875,0.589326,0.602294,0.615779,0.62978,0.644297,0.659325,0.674859,0.690893,0.707418,0.724421,0.74189,0.759807,0.778153,0.796907,0.816043,0.835533,0.855347,0.875451,0.895809,0.916382,0.937131,0.958013,0.978984,1
1,0.97949,0.959022,0.938637,0.918375,0.898277,0.878379,0.858718,0.839328,0.820241,0.801487,0.783091,0.765079,0.747472,0.730289,0.713547,0.697261,0.681442,0.6661,0.651243,0.636878,0.623009,0.609639,0.596769,0.5844,0.572531,0.561162,0.550289,0.539911,0.530024,0.520625,0.511709,0.503273,0.495312,0.487822,0.480798,0.474237,0.468134,0.462486,0.457288,0.452536,0.448229,0.444361,0.44093,0.437934,0.435371,0.433238,0.431533,0.430256,0.429405,0.42898,0.42898,0.429405,0.430256,0.431533,0.433238,0.435371,0.437934,0.44093,0.444361,0.448229,0.452536,0.457288,0.462486,0.468134,0.474237,0.480798,0.487822,0.495312,0.503273,0.511709,0.520625,0.530024,0.539911,0.550289,0.561162,0.572531,0.5844,0.596769,0.609639,0.623009,0.636878,0.651243,0.6661,0.681442,0.697261,0.713547,0.730289,0.747472,0.765079,0.783091,0.801487,0.820241,0.839328,0.858718,0.878379,0.898277,0.918375,0.938637,0.959022,0.97949,1
1,0.979955,0.959948,0.94002,0.920206,0.900545,0.881072,0.861821,0.842824,0.824111,0.805711,0.787649,0.76995,0.752634,0.73572,0.719226,0.703166,0.687552,0.672396,0.657705,0.643487,0.629747,0.61649,0.603717,0.591432,0.579633,0.568322,0.557497,0.547156,0.537298,0.527919,0.519017,0.510588,0.50263,0.495138,0.488109,0.481541,0.475428,0.469767,0.464556,0.459792,0.45547,0.451589,0.448146,0.445138,0.442564,0.440422,0.43871,0.437427,0.436572,0.436145,0.436145,0.436572,0.437427,0.43871,0.440422,0.442564,0.445138,0.448146,0.451589,0.45547,0.459792,0.464556,0.469767,0.475428,0.481541,0.488109,0.495138,0.50263,0.510588,0.519017,0.527919,0.537298,0.547156,0.557497,0.568322,0.579633,0.591432,0.603717,0.61649,0.629747,0.643487,0.657705,0.672396,0.687552,0.703166,0.719226,0.73572,0.752634,0.76995,0.787649,0.805711,0.824111,0.842824,0.861821,0.881072,0.900545,0.920206,0.94002,0.959948,0.979955,1
1,0.980381,0.960798,0.941288,0.921886,0.902628,0.883545,0.864671,0.846037,0.827671,0.809599,0.791849,0.774441,0.757397,0.740737,0.724476,0.70863,0.693211,0.678231,0.663699,0.649623,0.636009,0.622862,0.610186,0.597984,0.586256,0.575004,0.564228,0.553927,0.5441,0.534744,0.52586,0.517442,0.50949,0.502001,0.494971,0.488398,0.482278,0.476609,0.471389,0.466614,0.462281,0.45839,0.454936,0.451919,0.449336,0.447186,0.445468,0.44418,0.443322,0.442893,0.442893,0.443322,0.44418,0.445468,0.447186,0.449336,0.451919,0.454936,0.45839,0.462281,0.466614,0.471389,0.476609,0.482278,0.488398,0.494971,0.502001,0.50949,0.517442,0.52586,0.534744,0.5441,0.553927,0.564228,0.575004,0.586256,0.597984,0.610186,0.622862,0.636009,0.649623,0.663699,0.678231,0.693211,0.70863,0.724476,0.740737,0.757397,0.774441,0.791849,0.809599,0.827671,0.846037,0.864671,0.883545,0.902628,0.921886,0.941288,0.960798,0.980381,1
1,0.980771,0.961576,0.94245,0.923425,0.904535,0.885812,0.867285,0.848985,0.830938,0.813171,0.795708,0.778572,0.761782,0.745358,0.729316,0.713671,0.698437,0.683624,0.669244,0.655304,0.641811,0.628771,0.616189,0.604068,0.59241,0.581218,0.570492,0.560232,0.550438,0.541109,0.532244,0.523841,0.515898,0.508414,0.501385,0.494811,0.488688,0.483014,0.477786,0.473003,0.468663,0.464763,0.461301,0.458276,0.455686,0.45353,0.451806,0.450514,0.449653,0.449223,0.449223,0.449653,0.450514,0.451806,0.45353,0.455686,0.458276,0.461301,0.464763,0.468663,0.473003,0.477786,0.483014,0.488688,0.494811,0.501385,0.508414,0.515898,0.523841,0.532244,0.541109,0.550438,0.560232,0.570492,0.581218,0.59241,0.604068,0.616189,0.628771,0.641811,0.655304,0.669244,0.683624,0.698437,0.713671,0.729316,0.745358,0.761782,0.778572,0.795708,0.813171,0.830938,0.848985,0.867285,0.885812,0.904535,0.923425,0.94245,0.961576,0.980771,1
1,0.981127,0.962286,0.94351,0.92483,0.906278,0.887883,0.869675,0.851682,0.833929,0.816443,0.799246,0.78236,0.765806,0.749602,0.733764,0.718307,0.703246,0.688592,0.674354,0.660543,0.647166,0.634229,0.621738,0.609696,0.598108,0.586974,0.576298,0.56608,0.55632,0.547019,0.538175,0.529788,0.521857,0.51438,0.507356,0.500783,0.494658,0.488981,0.48375,0.478961,0.474615,0.470708,0.46724,0.464209,0.461613,0.459452,0.457724,0.456429,0.455566,0.455134,0.455134,0.455566,0.456429,0.457724,0.459452,0.461613,0.464209,0.46724,0.470708,0.474615,0.478961,0.48375,0.488981,0.494658,0.500783,0.507356,0.51438,0.521857,0.529788,0.538175,0.547019,0.55632,0.56608,0.576298,0.586974,0.598108,0.609696,0.621738,0.634229,0.647166,0.660543,0.674354,0.688592,0.703246,0.718307,0.733764,0.749602,0.765806,0.78236,0.799246,0.816443,0.833929,0.851682,0.869675,0.887883,0.906278,0.92483,0.94351,0.962286,0.981127,1
1,0.981451,0.962932,0.944475,0.92611,0.907865,0.88977,0.871853,0.85414,0.836657,0.819428,0.802476,0.785821,0.769484,0.753484,0.737835,0.722554,0.707654,0.693148,0.679045,0.665356,0.652088,0.639249,0.626845,0.614879,0.603357,0.592281,0.581654,0.571478,0.561753,0.552479,0.543658,0.535289,0.527371,0.519904,0.512886,0.506316,0.500192,0.494514,0.48928,0.484488,0.480138,0.476226,0.472753,0.469717,0.467117,0.464952,0.46322,0.461923,0.461058,0.460625,0.460625,0.461058,0.461923,0.46322,0.464952,0.467117,0.469717,0.472753,0.476226,0.480138,0.484488,0.48928,0.494514,0.500192,0.506316,0.512886,0.519904,0.527371,0.535289,0.543658,0.552479,0.561753,0.571478,0.581654,0.592281,0.603357,0.614879,0.626845,0.639249,0.652088,0.665356,0.679045,0.693148,0.707654,0.722554,0.737835,0.753484,0.769484,0.785821,0.802476,0.819428,0.836657,0.85414,0.871853,0.88977,0.907865,0.92611,0.944475,0.962932,0.981451,1
1,0.981744,0.963518,0.94535,0.927269,0.909304,0.891482,0.873829,0.856372,0.839135,0.82214,0.805412,0.788969,0.772832,0.757018,0.741544,0.726425,0.711675,0.697306,0.683329,0.669753,0.656589,0.643842,0.63152,0.619627,0.608169,0.597148,0.586569,0.576433,0.566742,0.557497,0.5487,0.540349,0.532445,0.524988,0.517977,0.511412,0.505291,0.499614,0.494379,0.489585,0.485232,0.481317,0.47784,0.474801,0.472197,0.470029,0.468295,0.466995,0.466129,0.465696,0.465696,0.466129,0.466995,0.468295,0.470029,0.472197,0.474801,0.47784,0.481317,0.485232,0.489585,0.494379,0.499614,0.505291,0.511412,0.517977,0.524988,0.532445,0.540349,0.5487,0.557497,0.566742,0.576433,0.586569,0.597148,0.608169,0.619627,0.63152,0.643842,0.656589,0.669753,0.683329,0.697306,0.711675,0.726425,0.741544,0.757018,0.772832,0.788969,0.805412,0.82214,0.839135,0.856372,0.873829,0.891482,0.909304,0.927269,0.94535,0.963518,0.981744,1
1,0.982009,0.964046,0.946139,0.928315,0.910602,0.893026,0.875613,0.858387,0.841372,0.824591,0.808065,0.791815,0.77586,0.760217,0.744903,0.729933,0.71532,0.701078,0.687217,0.673747,0.660678,0.648018,0.635772,0.623948,0.61255,0.601583,0.591049,0.580952,0.571295,0.562078,0.553303,0.544971,0.537082,0.529636,0.522634,0.516075,0.509957,0.504282,0.499047,0.494253,0.489898,0.485981,0.482502,0.47946,0.476854,0.474683,0.472947,0.471645,0.470778,0.470344,0.470344,0.470778,0.471645,0.472947,0.474683,0.476854,0.47946,0.482502,0.485981,0.489898,0.494253,0.499047,0.504282,0.509957,0.516075,0.522634,0.529636,0.537082,0.544971,0.553303,0.562078,0.571295,0.580952,0.591049,0.601583,0.61255,0.623948,0.635772,0.648018,0.660678,0.673747,0.687217,0.701078,0.71532,0.729933,0.744903,0.760217,0.77586,0.791815,0.808065,0.824591,0.841372,0.858387,0.875613,0.893026,0.910602,0.928315,0.946139,0.964046,0.982009,1
1,0.982246,0.964519,0.946845,0.929252,0.911765,0.89441,0.877211,0.860193,0.843378,0.826789,0.810447,0.794371,0.778581,0.763093,0.747924,0.733089,0.718602,0.704475,0.69072,0.677348,0.664367,0.651786,0.639612,0.627851,0.616509,0.605591,0.595101,0.585042,0.575416,0.566226,0.557473,0.54916,0.541286,0.533852,0.526858,0.520305,0.514193,0.50852,0.503287,0.498493,0.494137,0.490219,0.486738,0.483694,0.481086,0.478914,0.477176,0.475874,0.475005,0.474571,0.474571,0.475005,0.475874,0.477176,0.478914,0.481086,0.483694,0.486738,0.490219,0.494137,0.498493,0.503287,0.50852,0.514193,0.520305,0.526858,0.533852,0.541286,0.54916,0.557473,0.566226,0.575416,0.585042,0.595101,0.605591,0.616509,0.627851,0.639612,0.651786,0.664367,0.677348,0.69072,0.704475,0.718602,0.733089,0.747924,0.763093,0.778581,0.794371,0.810447,0.826789,0.843378,0.860193,0.877211,0.89441,0.911765,0.929252,0.946845,0.964519,0.982246,1
1,0.982456,0.964938,0.947472,0.930084,0.912798,0.895639,0.878631,0.861798,0.845162,0.828745,0.812566,0.796646,0.781003,0.765654,0.750616,0.735902,0.721528,0.707506,0.693848,0.680563,0.667663,0.655154,0.643045,0.631343,0.620053,0.609181,0.598731,0.588706,0.57911,0.569946,0.561215,0.552919,0.545059,0.537637,0.530653,0.524106,0.517999,0.512329,0.507098,0.502305,0.497949,0.494031,0.49055,0.487504,0.484895,0.482721,0.480983,0.479679,0.47881,0.478376,0.478376,0.47881,0.479679,0.480983,0.482721,0.484895,0.487504,0.49055,0.494031,0.497949,0.502305,0.507098,0.512329,0.517999,0.524106,0.530653,0.537637,0.545059,0.552919,0.561215,0.569946,0.57911,0.588706,0.598731,0.609181,0.620053,0.631343,0.643045,0.655154,0.667663,0.680563,0.693848,0.707506,0.721528,0.735902,0.750616,0.765654,0.781003,0.796646,0.812566,0.828745,0.845162,0.861798,0.878631,0.895639,0.912798,0.930084,0.947472,0.964938,0.982456,1
1,0.982641,0.965307,0.948023,0.930815,0.913705,0.896719,0.87988,0.86321,0.846731,0.830465,0.814431,0.798649,0.783136,0.767911,0.752988,0.738383,0.724109,0.71018,0.696608,0.683402,0.670573,0.65813,0.64608,0.634431,0.623188,0.612357,0.601944,0.591951,0.582383,0.573242,0.564531,0.556252,0.548406,0.540995,0.534019,0.52748,0.521377,0.515712,0.510483,0.505691,0.501336,0.497418,0.493936,0.49089,0.48828,0.486105,0.484366,0.483062,0.482192,0.481758,0.481758,0.482192,0.483062,0.484366,0.486105,0.48828,0.49089,0.493936,0.497418,0.501336,0.505691,0.510483,0.515712,0.521377,0.52748,0.534019,0.540995,0.548406,0.556252,0.564531,0.573242,0.582383,0.591951,0.601944,0.612357,0.623188,0.634431,0.64608,0.65813,0.670573,0.683402,0.696608,0.71018,0.724109,0.738383,0.752988,0.767911,0.783136,0.798649,0.814431,0.830465,0.846731,0.86321,0.87988,0.896719,0.913705,0.930815,0.948023,0.965307,0.982641,1
1,0.982801,0.965626,0.9485,0.931447,0.914491,0.897655,0.880962,0.864433,0.848091,0.831956,0.816048,0.800386,0.784987,0.769869,0.755047,0.740537,0.726352,0.712505,0.699008,0.685872,0.673106,0.66072,0.648723,0.63712,0.625919,0.615126,0.604745,0.594781,0.585237,0.576118,0.567425,0.559161,0.551328,0.543927,0.53696,0.530428,0.52433,0.518668,0.513442,0.508652,0.504298,0.50038,0.496898,0.493852,0.491241,0.489066,0.487326,0.486022,0.485152,0.484717,0.484717,0.485152,0.486022,0.487326,0.489066,0.491241,0.493852,0.496898,0.50038,0.504298,0.508652,0.513442,0.518668,0.52433,0.530428,0.53696,0.543927,0.551328,0.559161,0.567425,0.576118,0.585237,0.594781,0.604745,0.615126,0.625919,0.63712,0.648723,0.66072,0.673106,0.685872,0.699008,0.712505,0.726352,0.740537,0.755047,0.769869,0.784987,0.800386,0.816048,0.831956,0.848091,0.864433,0.880962,0.897655,0.914491,0.931447,0.9485,0.965626,0.982801,1
1,0.982937,0.965897,0.948906,0.931985,0.915159,0.89845,0.881881,0.865473,0.849248,0.833225,0.817424,0.801864,0.786563,0.771536,0.756801,0.742372,0.728262,0.714486,0.701054,0.687977,0.675266,0.66293,0.650978,0.639416,0.628251,0.61749,0.607138,0.597199,0.587677,0.578577,0.5699,0.56165,0.553828,0.546437,0.539478,0.532951,0.526858,0.5212,0.515976,0.511188,0.506835,0.502918,0.499436,0.49639,0.493779,0.491604,0.489864,0.488559,0.487689,0.487254,0.487254,0.487689,0.488559,0.489864,0.491604,0.493779,0.49639,0.499436,0.502918,0.506835,0.511188,0.515976,0.5212,0.526858,0.532951,0.539478,0.546437,0.553828,0.56165,0.5699,0.578577,0.587677,0.597199,0.607138,0.61749,0.628251,0.639416,0.650978,0.66293,0.675266,0.687977,0.701054,0.714486,0.728262,0.742372,0.756801,0.771536,0.786563,0.801864,0.817424,0.833225,0.849248,0.865473,0.881881,0.89845,0.915159,0.931985,0.948906,0.965897,0.982937,1
1,0.983049,0.966122,0.949241,0.93243,0.915711,0.899108,0.882642,0.866334,0.850205,0.834275,0.818563,0.803088,0.787867,0.772918,0.758254,0.743893,0.729846,0.716128,0.70275,0.689724,0.677059,0.664765,0.65285,0.641322,0.630189,0.619455,0.609127,0.599209,0.589706,0.580622,0.571959,0.56372,0.555909,0.548526,0.541573,0.535052,0.528963,0.523308,0.518087,0.5133,0.508949,0.505032,0.501551,0.498505,0.495894,0.493718,0.491978,0.490673,0.489803,0.489367,0.489367,0.489803,0.490673,0.491978,0.493718,0.495894,0.498505,0.501551,0.505032,0.508949,0.5133,0.518087,0.523308,0.528963,0.535052,0.541573,0.548526,0.555909,0.56372,0.571959,0.580622,0.589706,0.599209,0.609127,0.619455,0.630189,0.641322,0.65285,0.664765,0.677059,0.689724,0.70275,0.716128,0.729846,0.743893,0.758254,0.772918,0.787867,0.803088,0.818563,0.834275,0.850205,0.866334,0.882642,0.899108,0.915711,0.93243,0.949241,0.966122,0.983049,1
1,0.983138,0.9663,0.949507,0.932783,0.916151,0.899631,0.883247,0.867018,0.850966,0.83511,0.819469,0.804062,0.788906,0.774017,0.759412,0.745104,0.731108,0.717437,0.704103,0.691117,0.678488,0.666228,0.654344,0.642844,0.631734,0.621023,0.610714,0.600814,0.591326,0.582255,0.573603,0.565374,0.557571,0.550195,0.543247,0.536731,0.530646,0.524993,0.519774,0.514989,0.510639,0.506723,0.503242,0.500196,0.497585,0.49541,0.493669,0.492364,0.491494,0.491059,0.491059,0.491494,0.492364,0.493669,0.49541,0.497585,0.500196,0.503242,0.506723,0.510639,0.514989,0.519774,0.524993,0.530646,0.536731,0.543247,0.550195,0.557571,0.565374,0.573603,0.582255,0.591326,0.600814,0.610714,0.621023,0.631734,0.642844,0.654344,0.666228,0.678488,0.691117,0.704103,0.717437,0.731108,0.745104,0.759412,0.774017,0.788906,0.804062,0.819469,0.83511,0.850966,0.867018,0.883247,0.899631,0.916151,0.932783,0.949507,0.9663,0.983138,1
1,0.983205,0.966433,0.949706,0.933047,0.916479,0.900022,0.883699,0.867529,0.851535,0.835734,0.820147,0.80479,0.789682,0.774839,0.760277,0.74601,0.732052,0.718416,0.705114,0.692158,0.679558,0.667322,0.655461,0.643982,0.632892,0.622197,0.611903,0.602016,0.592539,0.583478,0.574835,0.566614,0.558816,0.551445,0.544502,0.537989,0.531907,0.526257,0.52104,0.516256,0.511906,0.507991,0.50451,0.501465,0.498854,0.496678,0.494938,0.493632,0.492762,0.492327,0.492327,0.492762,0.493632,0.494938,0.496678,0.498854,0.501465,0.50451,0.507991,0.511906,0.516256,0.52104,0.526257,0.531907,0.537989,0.544502,0.551445,0.558816,0.566614,0.574835,0.583478,0.592539,0.602016,0.611903,0.622197,0.632892,0.643982,0.655461,0.667322,0.679558,0.692158,0.705114,0.718416,0.732052,0.74601,0.760277,0.774839,0.789682,0.80479,0.820147,0.835734,0.851535,0.867529,0.883699,0.900022,0.916479,0.933047,0.949706,0.966433,0.983205,1
1,0.983249,0.966521,0.949838,0.933223,0.916697,0.900282,0.883999,0.867869,0.851913,0.836149,0.820597,0.805274,0.790198,0.775386,0.760852,0.746612,0.732679,0.719067,0.705787,0.692851,0.680269,0.668051,0.656205,0.64474,0.633662,0.622978,0.612694,0.602816,0.593347,0.584293,0.575656,0.567439,0.559646,0.552278,0.545338,0.538828,0.532747,0.527099,0.521883,0.5171,0.512751,0.508836,0.505356,0.50231,0.499699,0.497524,0.495783,0.494478,0.493608,0.493172,0.493172,0.493608,0.494478,0.495783,0.497524,0.499699,0.50231,0.505356,0.508836,0.512751,0.5171,0.521883,0.527099,0.532747,0.538828,0.545338,0.552278,0.559646,0.567439,0.575656,0.584293,0.593347,0.602816,0.612694,0.622978,0.633662,0.64474,0.656205,0.668051,0.680269,0.692851,0.705787,0.719067,0.732679,0.746612,0.760852,0.775386,0.790198,0.805274,0.820597,0.836149,0.851913,0.867869,0.883999,0.900282,0.916697,0.933223,0.949838,0.966521,0.983249,1
1,0.983271,0.966565,0.949904,0.93331,0.916805,0.900411,0.884149,0.868039,0.852101,0.836356,0.820821,0.805515,0.790456,0.775658,0.761139,0.746912,0.732992,0.719392,0.706123,0.693197,0.680624,0.668415,0.656577,0.645118,0.634047,0.623369,0.61309,0.603216,0.593751,0.5847,0.576066,0.567852,0.560061,0.552695,0.545756,0.539247,0.533167,0.52752,0.522304,0.517522,0.513173,0.509258,0.505778,0.502733,0.500122,0.497947,0.496206,0.494901,0.49403,0.493595,0.493595,0.49403,0.494901,0.496206,0.497947,0.500122,0.502733,0.505778,0.509258,0.513173,0.517522,0.522304,0.52752,0.533167,0.539247,0.545756,0.552695,0.560061,0.567852,0.576066,0.5847,0.593751,0.603216,0.61309,0.623369,0.634047,0.645118,0.656577,0.668415,0.680624,0.693197,0.706123,0.719392,0.732992,0.746912,0.761139,0.775658,0.790456,0.805515,0.820821,0.836356,0.852101,0.868039,0.884149,0.900411,0.916805,0.93331,0.949904,0.966565,0.983271,1
1,0.983271,0.966565,0.949904,0.93331,0.916805,0.900411,0.884149,0.868039,0.852101,0.836356,0.820821,0.805515,0.790456,0.775658,0.761139,0.746912,0.732992,0.719392,0.706123,0.693197,0.680624,0.668415,0.656577,0.645118,0.634047,0.623369,0.61309,0.603216,0.593751,0.5847,0.576066,0.567852,0.560061,0.552695,0.545756,0.539247,0.533167,0.52752,0.522304,0.517522,0.513173,0.509258,0.505778,0.502733,0.500122,0.497947,0.496206,0.494901,0.49403,0.493595,0.493595,0.49403,0.494901,0.496206,0.497947,0.500122,0.502733,0.505778,0.509258,0.513173,0.517522,0.522304,0.52752,0.533167,0.539247,0.545756,0.552695,0.560061,0.567852,0.576066,0.5847,0.593751,0.603216,0.61309,0.623369,0.634047,0.645118,0.656577,0.668415,0.680624,0.693197,0.706123,0.719392,0.732992,0.746912,0.761139,0.775658,0.790456,0.805515,0.820821,0.836356,0.852101,0.868039,0.884149,0.900411,0.916805,0.93331,0.949904,0.966565,0.983271,1
1,0.983249,0.966521,0.949838,0.933223,0.916697,0.900282,0.883999,0.867869,0.851913,0.836149,0.820597,0.805274,0.790198,0.775386,0.760852,0.746612,0.732679,0.719067,0.705787,0.692851,0.680269,0.668051,0.656205,0.64474,0.633662,0.622978,0.612694,0.602816,0.593347,0.584293,0.575656,0.567439,0.559646,0.552278,0.545338,0.538828,0.532747,0.527099,0.521883,0.5171,0.512751,0.508836,0.505356,0.50231,0.499699,0.497524,0.495783,0.494478,0.493608,0.493172,0.493172,0.493608,0.494478,0.495783,0.497524,0.499699,0.50231,0.505356,0.508836,0.512751,0.5171,0.521883,0.527099,0.532747,0.538828,0.545338,0.552278,0.559646,0.567439,0.575656,0.584293,0.593347,0.602816,0.612694,0.622978,0.633662,0.64474,0.656205,0.668051,0.680269,0.692851,0.705787,0.719067,0.732679,0.746612,0.760852,0.775386,0.790198,0.805274,0.820597,0.836149,0.851913,0.867869,0.883999,0.900282,0.916697,0.933223,0.949838,0.966521,0.983249,1
1,0.983205,0.966433,0.949706,0.933047,0.916479,0.900022,0.883699,0.867529,0.851535,0.835734,0.820147,0.80479,0.789682,0.774839,0.760277,0.74601,0.732052,0.718416,0.705114,0.692158,0.679558,0.667322,0.655461,0.643982,0.632892,0.622197,0.611903,0.602016,0.592539,0.583478,0.574835,0.566614,0.558816,0.551445,0.544502,0.537989,0.531907,0.526257,0.52104,0.516256,0.511906,0.507991,0.50451,0.501465,0.498854,0.496678,0.494938,0.493632,0.492762,0.492327,0.492327,0.492762,0.493632,0.494938,0.496678,0.498854,0.501465,0.50451,0.507991,0.511906,0.516256,0.52104,0.526257,0.531907,0.537989,0.544502,0.551445,0.558816,0.566614,0.574835,0.583478,0.592539,0.602016,0.611903,0.622197,0.632892,0.643982,0.655461,0.667322,0.679558,0.692158,0.705114,0.718416,0.732052,0.74601,0.760277,0.774839,0.789682,0.80479,0.820147,0.835734,0.851535,0.867529,0.883699,0.900022,0.916479,0.933047,0.949706,0.966433,0.983205,1
1,0.983138,0.9663,0.949507,0.932783,0.916151,0.899631,0.883247,0.867018,0.850966,0.83511,0.819469,0.804062,0.788906,0.774017,0.759412,0.745104,0.731108,0.717437,0.704103,0.691117,0.678488,0.666228,0.654344,0.642844,0.631734,0.621023,0.610714,0.600814,0.591326,0.582255,0.573603,0.565374,0.557571,0.550195,0.543247,0.536731,0.530646,0.524993,0.519774,0.514989,0.510639,0.506723,0.503242,0.500196,0.497585,0.49541,0.493669,0.492364,0.491494,0.491059,0.491059,0.491494,0.492364,0.493669,0.49541,0.497585,0.500196,0.503242,0.506723,0.510639,0.514989,0.519774,0.524993,0.530646,0.536731,0.543247,0.550195,0.557571,0.565374,0.573603,0.582255,0.591326,0.600814,0.610714,0.621023,0.631734,0.642844,0.654344,0.666228,0.678488,0.691117,0.704103,0.717437,0.731108,0.745104,0.759412,0.774017,0.788906,0.804062,0.819469,0.83511,0.850966,0.867018,0.883247,0.899631,0.916151,0.932783,0.949507,0.9663,0.983138,1
1,0.983049,0.966122,0.949241,0.93243,0.915711,0.899108,0.882642,0.866334,0.850205,0.834275,0.818563,0.803088,0.787867,0.772918,0.758254,0.743893,0.729846,0.716128,0.70275,0.689724,0.677059,0.664765,0.65285,0.641322,0.630189,0.619455,0.609127,0.599209,0.589706,0.580622,0.571959,0.56372,0.555909,0.548526,0.541573,0.535052,0.528963,0.523308,0.518087,0.5133,0.508949,0.505032,0.501551,0.498505,0.495894,0.493718,0.491978,0.490673,0.489803,0.489367,0.489367,0.489803,0.490673,0.491978,0.493718,0.495894,0.498505,0.501551,0.505032,0.508949,0.5133,0.518087,0.523308,0.528963,0.535052,0.541573,0.548526,0.555909,0.56372,0.571959,0.580622,0.589706,0.599209,0.609127,0.619455,0.630189,0.641322,0.65285,0.664765,0.677059,0.689724,0.70275,0.716128,0.729846,0.743893,0.758254,0.772918,0.787867,0.803088,0.818563,0.834275,0.850205,0.866334,0.882642,0.899108,0.915711,0.93243,0.949241,0.966122,0.983049,1
1,0.982937,0.965897,0.948906,0.931985,0.915159,0.89845,0.881881,0.865473,0.849248,0.833225,0.817424,0.801864,0.786563,0.771536,0.756801,0.742372,0.728262,0.714486,0.701054,0.687977,0.675266,0.66293,0.650978,0.639416,0.628251,0.61749,0.607138,0.597199,0.587677,0.578577,0.5699,0.56165,0.553828,0.546437,0.539478,0.532951,0.526858,0.5212,0.515976,0.511188,0.506835,0.502918,0.499436,0.49639,0.493779,0.491604,0.489864,0.488559,0.487689,0.487254,0.487254,0.487689,0.488559,0.489864,0.491604,0.493779,0.49639,0.499436,0.502918,0.506835,0.511188,0.515976,0.5212,0.526858,0.532951,0.539478,0.546437,0.553828,0.56165,0.5699,0.578577,0.587677,0.597199,0.607138,0.61749,0.628251,0.639416,0.650978,0.66293,0.675266,0.687977,0.701054,0.714486,0.728262,0.742372,0.756801,0.771536,0.786563,0.801864,0.817424,0.833225,0.849248,0.865473,0.881881,0.89845,0.915159,0.931985,0.948906,0.965897,0.982937,1
1,0.982801,0.965626,0.9485,0.931447,0.914491,0.897655,0.880962,0.864433,0.848091,0.831956,0.816048,0.800386,0.784987,0.769869,0.755047,0.740537,0.726352,0.712505,0.699008,0.685872,0.673106,0.66072,0.648723,0.63712,0.625919,0.615126,0.604745,0.594781,0.585237,0.576118,0.567425,0.559161,0.551328,0.543927,0.53696,0.530428,0.52433,0.518668,0.513442,0.508652,0.504298,0.50038,0.496898,0.493852,0.491241,0.489066,0.487326,0.486022,0.485152,0.484717,0.484717,0.485152,0.486022,0.487326,0.489066,0.491241,0.493852,0.496898,0.50038,0.504298,0.508652,0.513442,0.518668,0.52433,0.530428,0.53696,0.543927,0.551328,0.559161,0.567425,0.576118,0.585237,0.594781,0.604745,0.615126,0.625919,0.63712,0.648723,0.66072,0.673106,0.685872,0.699008,0.712505,0.726352,0.740537,0.755047,0.769869,0.784987,0.800386,0.816048,0.831956,0.848091,0.864433,0.880962,0.897655,0.914491,0.931447,0.9485,0.965626,0.982801,1
1,0.982641,0.965307,0.948023,0.930815,0.913705,0.896719,0.87988,0.86321,0.846731,0.830465,0.814431,0.798649,0.783136,0.767911,0.752988,0.738383,0.724109,0.71018,0.696608,0.683402,0.670573,0.65813,0.64608,0.634431,0.623188,0.612357,0.601944,0.591951,0.582383,0.573242,0.564531,0.556252,0.548406,0.540995,0.534019,0.52748,0.521377,0.515712,0.510483,0.505691,0.501336,0.497418,0.493936,0.49089,0.48828,0.486105,0.484366,0.483062,0.482192,0.481758,0.481758,0.482192,0.483062,0.484366,0.486105,0.48828,0.49089,0.493936,0.497418,0.501336,0.505691,0.510483,0.515712,0.521377,0.52748,0.534019,0.540995,0.548406,0.556252,0.564531,0.573242,0.582383,0.591951,0.601944,0.612357,0.623188,0.634431,0.64608,0.65813,0.670573,0.683402,0.696608,0.71018,0.724109,0.738383,0.752988,0.767911,0.783136,0.798649,0.814431,0.830465,0.846731,0.86321,0.87988,0.896719,0.913705,0.930815,0.948023,0.965307,0.982641,1
1,0.982456,0.964938,0.947472,0.930084,0.912798,0.895639,0.878631,0.861798,0.845162,0.828745,0.812566,0.796646,0.781003,0.765654,0.750616,0.735902,0.721528,0.707506,0.693848,0.680563,0.667663,0.655154,0.643045,0.631343,0.620053,0.609181,0.598731,0.588706,0.57911,0.569946,0.561215,0.552919,0.545059,0.537637,0.530653,0.524106,0.517999,0.512329,0.507098,0.502305,0.497949,0.494031,0.49055,0.487504,0.484895,0.482721,0.480983,0.479679,0.47881,0.478376,0.478376,0.47881,0.479679,0.480983,0.482721,0.484895,0.487504,0.49055,0.494031,0.497949,0.502305,0.507098,0.512329,0.517999,0.524106,0.530653,0.537637,0.545059,0.552919,0.561215,0.569946,0.57911,0.588706,0.598731,0.609181,0.620053,0.631343,0.643045,0.655154,0.667663,0.680563,0.693848,0.707506,0.721528,0.735902,0.750616,0.765654,0.781003,0.796646,0.812566,0.828745,0.845162,0.861798,0.878631,0.895639,0.912798,0.930084,0.947472,0.964938,0.982456,1
1,0.982246,0.964519,0.946845,0.929252,0.911765,0.89441,0.877211,0.860193,0.843378,0.826789,0.810447,0.794371,0.778581,0.763093,0.747924,0.733089,0.718602,0.704475,0.69072,0.677348,0.664367,0.651786,0.639612,0.627851,0.616509,0.605591,0.595101,0.585042,0.575416,0.566226,0.557473,0.54916,0.541286,0.533852,0.526858,0.520305,0.514193,0.50852,0.503287,0.498493,0.494137,0.490219,0.486738,0.483694,0.481086,0.478914,0.477176,0.475874,0.475005,0.474571,0.474571,0.475005,0.475874,0.477176,0.478914,0.481086,0.483694,0.486738,0.490219,0.494137,0.498493,0.503287,0.50852,0.514193,0.520305,0.526858,0.533852,0.541286,0.54916,0.557473,0.566226,0.575416,0.585042,0.595101,0.605591,0.616509,0.627851,0.639612,0.651786,0.664367,0.677348,0.69072,0.704475,0.718602,0.733089,0.747924,0.763093,0.778581,0.794371,0.810447,0.826789,0.843378,0.860193,0.877211,0.89441,0.911765,0.929252,0.946845,0.964519,0.982246,1
1,0.982009,0.964046,0.946139,0.928315,0.910602,0.893026,0.875613,0.858387,0.841372,0.824591,0.808065,0.791815,0.77586,0.760217,0.744903,0.729933,0.71532,0.701078,0.687217,0.673747,0.660678,0.648018,0.635772,0.623948,0.61255,0.601583,0.591049,0.580952,0.571295,0.562078,0.553303,0.544971,0.537082,0.529636,0.522634,0.516075,0.509957,0.504282,0.499047,0.494253,0.489898,0.485981,0.482502,0.47946,0.476854,0.474683,0.472947,0.471645,0.470778,0.470344,0.470344,0.470778,0.471645,0.472947,0.474683,0.476854,0.47946,0.482502,0.485981,0.489898,0.494253,0.499047,0.504282,0.509957,0.516075,0.522634,0.529636,0.537082,0.544971,0.553303,0.562078,0.571295,0.580952,0.591049,0.601583,0.61255,0.623948,0.635772,0.648018,0.660678,0.673747,0.687217,0.701078,0.71532,0.729933,0.744903,0.760217,0.77586,0.791815,0.808065,0.824591,0.841372,0.858387,0.875613,0.893026,0.910602,0.928315,0.946139,0.964046,0.982009,1
1,0.981744,0.963518,0.94535,0.927269,0.909304,0.891482,0.873829,0.856372,0.839135,0.82214,0.805412,0.788969,0.772832,0.757018,0.741544,0.726425,0.711675,0.697306,0.683329,0.669753,0.656589,0.643842,0.63152,0.619627,0.608169,0.597148,0.586569,0.576433,0.566742,0.557497,0.5487,0.540349,0.532445,0.524988,0.517977,0.511412,0.505291,0.499614,0.494379,0.489585,0.485232,0.481317,0.47784,0.474801,0.472197,0.470029,0.468295,0.466995,0.466129,0.465696,0.465696,0.466129,0.466995,0.468295,0.470029,0.472197,0.474801,0.47784,0.481317,0.485232,0.489585,0.494379,0.499614,0.505291,0.511412,0.517977,0.524988,0.532445,0.540349,0.5487,0.557497,0.566742,0.576433,0.586569,0.597148,0.608169,0.619627,0.63152,0.643842,0.656589,0.669753,0.683329,0.697306,0.711675,0.726425,0.741544,0.757018,0.772832,0.788969,0.805412,0.82214,0.839135,0.856372,0.873829,0.891482,0.909304,0.927269,0.94535,0.963518,0.981744,1
1,0.981451,0.962932,0.944475,0.92611,0.907865,0.88977,0.871853,0.85414,0.836657,0.819428,0.802476,0.785821,0.769484,0.753484,0.737835,0.722554,0.707654,0.693148,0.679045,0.665356,0.652088,0.639249,0.626845,0.614879,0.603357,0.592281,0.581654,0.571478,0.561753,0.552479,0.543658,0.535289,0.527371,0.519904,0.512886,0.506316,0.500192,0.494514,0.48928,0.484488,0.480138,0.476226,0.472753,0.469717,0.467117,0.464952,0.46322,0.461923,0.461058,0.460625,0.460625,0.461058,0.461923,0.46322,0.464952,0.467117,0.469717,0.472753,0.476226,0.480138,0.484488,0.48928,0.494514,0.500192,0.506316,0.512886,0.519904,0.527371,0.535289,0.543658,0.552479,0.561753,0.571478,0.581654,0.592281,0.603357,0.614879,0.626845,0.639249,0.652088,0.665356,0.679045,0.693148,0.707654,0.722554,0.737835,0.753484,0.769484,0.785821,0.802476,0.819428,0.836657,0.85414,0.871853,0.88977,0.907865,0.92611,0.944475,0.962932,0.981451,1
1,0.981127,0.962286,0.94351,0.92483,0.906278,0.887883,0.869675,0.851682,0.833929,0.816443,0.799246,0.78236,0.765806,0.749602,0.733764,0.718307,0.703246,0.688592,0.674354,0.660543,0.647166,0.634229,0.621738,0.609696,0.598108,0.586974,0.576298,0.56608,0.55632,0.547019,0.538175,0.529788,0.521857,0.51438,0.507356,0.500783,0.494658,0.488981,0.48375,0.478961,0.474615,0.470708,0.46724,0.464209,0.461613,0.459452,0.457724,0.456429,0.455566,0.455134,0.455134,0.455566,0.456429,0.457724,0.459452,0.461613,0.464209,0.46724,0.470708,0.474615,0.478961,0.48375,0.488981,0.494658,0.500783,0.507356,0.51438,0.521857,0.529788,0.538175,0.547019,0.55632,0.56608,0.576298,0.586974,0.598108,0.609696,0.621738,0.634229,0.647166,0.660543,0.674354,0.688592,0.703246,0.718307,0.733764,0.749602,0.765806,0.78236,0.799246,0.816443,0.833929,0.851682,0.869675,0.887883,0.906278,0.92483,0.94351,0.962286,0.981127,1
1,0.980771,0.961576,0.94245,0.923425,0.904535,0.885812,0.867285,0.848985,0.830938,0.813171,0.795708,0.778572,0.761782,0.745358,0.729316,0.713671,0.698437,0.683624,0.669244,0.655304,0.641811,0.628771,0.616189,0.604068,0.59241,0.581218,0.570492,0.560232,0.550438,0.541109,0.532244,0.523841,0.515898,0.508414,0.501385,0.494811,0.488688,0.483014,0.477786,0.473003,0.468663,0.464763,0.461301,0.458276,0.455686,0.45353,0.451806,0.450514,0.449653,0.449223,0.449223,0.449653,0.450514,0.451806,0.45353,0.455686,0.458276,0.461301,0.464763,0.468663,0.473003,0.477786,0.483014,0.488688,0.494811,0.501385,0.508414,0.515898,0.523841,0.532244,0.541109,0.550438,0.560232,0.570492,0.581218,0.59241,0.604068,0.616189,0.628771,0.641811,0.655304,0.669244,0.683624,0.698437,0.713671,0.729316,0.745358,0.761782,0.778572,0.795708,0.813171,0.830938,0.848985,0.867285,0.885812,0.904535,0.923425,0.94245,0.961576,0.980771,1
1,0.980381,0.960798,0.941288,0.921886,0.902628,0.883545,0.864671,0.846037,0.827671,0.809599,0.791849,0.774441,0.757397,0.740737,0.724476,0.70863,0.693211,0.678231,0.663699,0.649623,0.636009,0.622862,0.610186,0.597984,0.586256,0.575004,0.564228,0.553927,0.5441,0.534744,0.52586,0.517442,0.50949,0.502001,0.494971,0.488398,0.482278,0.476609,0.471389,0.466614,0.462281,0.45839,0.454936,0.451919,0.449336,0.447186,0.445468,0.44418,0.443322,0.442893,0.442893,0.443322,0.44418,0.445468,0.447186,0.449336,0.451919,0.454936,0.45839,0.462281,0.466614,0.471389,0.476609,0.482278,0.488398,0.494971,0.502001,0.50949,0.517442,0.52586,0.534744,0.5441,0.553927,0.564228,0.575004,0.586256,0.597984,0.610186,0.622862,0.636009,0.649623,0.663699,0.678231,0.693211,0.70863,0.724476,0.740737,0.757397,0.774441,0.791849,0.809599,0.827671,0.846037,0.864671,0.883545,0.902628,0.921886,0.941288,0.960798,0.980381,1
1,0.979955,0.959948,0.94002,0.920206,0.900545,0.881072,0.861821,0.842824,0.824111,0.805711,0.787649,0.76995,0.752634,0.73572,0.719226,0.703166,0.687552,0.672396,0.657705,0.643487,0.629747,0.61649,0.603717,0.591432,0.579633,0.568322,0.557497,0.547156,0.537298,0.527919,0.519017,0.510588,0.50263,0.495138,0.488109,0.481541,0.475428,0.469767,0.464556,0.459792,0.45547,0.451589,0.448146,0.445138,0.442564,0.440422,0.43871,0.437427,0.436572,0.436145,0.436145,0.436572,0.437427,0.43871,0.440422,0.442564,0.445138,0.448146,0.451589,0.45547,0.459792,0.464556,0.469767,0.475428,0.481541,0.488109,0.495138,0.50263,0.510588,0.519017,0.527919,0.537298,0.547156,0.557497,0.568322,0.579633,0.591432,0.603717,0.61649,0.629747,0.643487,0.657705,0.672396,0.687552,0.703166,0.719226,0.73572,0.752634,0.76995,0.787649,0.805711,0.824111,0.842824,0.861821,0.881072,0.900545,0.920206,0.94002,0.959948,0.979955,1
1,0.97949,0.959022,0.938637,0.918375,0.898277,0.878379,0.858718,0.839328,0.820241,0.801487,0.783091,0.765079,0.747472,0.730289,0.713547,0.697261,0.681442,0.6661,0.651243,0.636878,0.623009,0.609639,0.596769,0.5844,0.572531,0.561162,0.550289,0.539911,0.530024,0.520625,0.511709,0.503273,0.495312,0.487822,0.480798,0.474237,0.468134,0.462486,0.457288,0.452536,0.448229,0.444361,0.44093,0.437934,0.435371,0.433238,0.431533,0.430256,0.429405,0.42898,0.42898,0.429405,0.430256,0.431533,0.433238,0.435371,0.437934,0.44093,0.444361,0.448229,0.452536,0.457288,0.462486,0.468134,0.474237,0.480798,0.487822,0.495312,0.503273,0.511709,0.520625,0.530024,0.539911,0.550289,0.561162,0.572531,0.5844,0.596769,0.609639,0.623009,0.636878,0.651243,0.6661,0.681442,0.697261,0.713547,0.730289,0.747472,0.765079,0.783091,0.801487,0.820241,0.839328,0.858718,0.878379,0.898277,0.918375,0.938637,0.959022,0.97949,1
1,0.978984,0.958013,0.937131,0.916382,0.895809,0.875451,0.855347,0.835533,0.816043,0.796907,0.778153,0.759807,0.74189,0.724421,0.707418,0.690893,0.674859,0.659325,0.644297,0.62978,0.615779,0.602294,0.589326,0.576875,0.564937,0.553512,0.542596,0.532184,0.522272,0.512856,0.503931,0.495491,0.487532,0.480048,0.473034,0.466485,0.460397,0.454764,0.449582,0.444848,0.440557,0.436705,0.43329,0.430309,0.427758,0.425635,0.42394,0.42267,0.421823,0.4214,0.4214,0.421823,0.42267,0.42394,0.425635,0.427758,0.430309,0.43329,0.436705,0.440557,0.444848,0.449582,0.454764,0.460397,0.466485,0.473034,0.480048,0.487532,0.495491,0.503931,0.512856,0.522272,0.532184,0.542596,0.553512,0.564937,0.576875,0.589326,0.602294,0.615779,0.62978,0.644297,0.659325,0.674859,0.690893,0.707418,0.724421,0.74189,0.759807,0.778153,0.796907,0.816043,0.835533,0.855347,0.875451,0.895809,0.916382,0.937131,0.958013,0.978984,1
1,0.978433,0.956915,0.935494,0.914216,0.893127,0.872271,0.851688,0.831417,0.811493,0.791948,0.772812,0.754109,0.735863,0.718093,0.700814,0.68404,0.667783,0.652049,0.636844,0.622174,0.608038,0.594439,0.581374,0.568842,0.556839,0.545362,0.534405,0.523964,0.514032,0.504605,0.495675,0.487237,0.479285,0.471812,0.464813,0.458282,0.452212,0.4466,0.44144,0.436726,0.432456,0.428624,0.425227,0.422262,0.419726,0.417617,0.415932,0.41467,0.413829,0.413408,0.413408,0.413829,0.41467,0.415932,0.417617,0.419726,0.422262,0.425227,0.428624,0.432456,0.436726,0.44144,0.4466,0.452212,0.458282,0.464813,0.471812,0.479285,0.487237,0.495675,0.504605,0.514032,0.523964,0.534405,0.545362,0.556839,0.568842,0.581374,0.594439,0.608038,0.622174,0.636844,0.652049,0.667783,0.68404,0.700814,0.718093,0.735863,0.754109,0.772812,0.791948,0.811493,0.831417,0.851688,0.872271,0.893127,0.914216,0.935494,0.956915,0.978433,1
1,0.977834,0.955721,0.933714,0.911861,0.890214,0.868819,0.847719,0.826956,0.806566,0.786584,0.767039,0.747959,0.729365,0.711277,0.69371,0.676677,0.660187,0.644248,0.628864,0.614037,0.599768,0.586055,0.572896,0.560287,0.548223,0.536698,0.525707,0.515242,0.505297,0.495864,0.486937,0.478507,0.470568,0.463113,0.456134,0.449626,0.443581,0.437994,0.432859,0.428171,0.423925,0.420117,0.416742,0.413797,0.411279,0.409184,0.407511,0.406258,0.405424,0.405006,0.405006,0.405424,0.406258,0.407511,0.409184,0.411279,0.413797,0.416742,0.420117,0.423925,0.428171,0.432859,0.437994,0.443581,0.449626,0.456134,0.463113,0.470568,0.478507,0.486937,0.495864,0.505297,0.515242,0.525707,0.536698,0.548223,0.560287,0.572896,0.586055,0.599768,0.614037,0.628864,0.644248,0.660187,0.676677,0.69371,0.711277,0.729365,0.747959,0.767039,0.786584,0.806566,0.826956,0.847719,0.868819,0.890214,0.911861,0.933714,0.955721,0.977834,1
1,0.977183,0.954423,0.931778,0.909303,0.887052,0.865073,0.843416,0.822123,0.801235,0.780785,0.760807,0.741326,0.722365,0.703943,0.686076,0.668774,0.652047,0.635898,0.620332,0.605349,0.590948,0.577124,0.563875,0.551193,0.539074,0.527508,0.516489,0.506008,0.496056,0.486626,0.477708,0.469294,0.461376,0.453945,0.446994,0.440515,0.434501,0.428945,0.423841,0.419184,0.414967,0.411186,0.407837,0.404915,0.402417,0.400339,0.398681,0.397438,0.396611,0.396197,0.396197,0.396611,0.397438,0.398681,0.400339,0.402417,0.404915,0.407837,0.411186,0.414967,0.419184,0.423841,0.428945,0.434501,0.440515,0.446994,0.453945,0.461376,0.469294,0.477708,0.486626,0.496056,0.506008,0.516489,0.527508,0.539074,0.551193,0.563875,0.577124,0.590948,0.605349,0.620332,0.635898,0.652047,0.668774,0.686076,0.703943,0.722365,0.741326,0.760807,0.780785,0.801235,0.822123,0.843416,0.865073,0.887052,0.909303,0.931778,0.954423,0.977183,1
1,0.976474,0.953011,0.929674,0.906523,0.883617,0.861009,0.838751,0.816889,0.795466,0.774519,0.75408,0.734176,0.71483,0.69606,0.677881,0.660302,0.643331,0.626971,0.611223,0.596085,0.581555,0.567626,0.554292,0.541545,0.529377,0.517779,0.50674,0.496251,0.486303,0.476883,0.467984,0.459594,0.451704,0.444306,0.43739,0.430947,0.424971,0.419453,0.414386,0.409765,0.405582,0.401834,0.398514,0.395618,0.393143,0.391086,0.389443,0.388213,0.387394,0.386985,0.386985,0.387394,0.388213,0.389443,0.391086,0.393143,0.395618,0.398514,0.401834,0.405582,0.409765,0.414386,0.419453,0.424971,0.430947,0.43739,0.444306,0.451704,0.459594,0.467984,0.476883,0.486303,0.496251,0.50674,0.517779,0.529377,0.541545,0.554292,0.567626,0.581555,0.596085,0.611223,0.626971,0.643331,0.660302,0.677881,0.69606,0.71483,0.734176,0.75408,0.774519,0.795466,0.816889,0.838751,0.861009,0.883617,0.906523,0.929674,0.953011,0.976474,1
1,0.975702,0.951474,0.927385,0.9035,0.879884,0.856596,0.833691,0.811219,0.789225,0.767748,0.746821,0.726471,0.706722,0.68759,0.669089,0.651228,0.63401,0.617437,0.601509,0.58622,0.571566,0.557538,0.544127,0.531324,0.519118,0.507497,0.496449,0.485963,0.476027,0.466629,0.457757,0.449401,0.44155,0.434193,0.42732,0.420923,0.414991,0.409518,0.404495,0.399916,0.395773,0.392061,0.388775,0.38591,0.383462,0.381427,0.379803,0.378586,0.377777,0.377372,0.377372,0.377777,0.378586,0.379803,0.381427,0.383462,0.38591,0.388775,0.392061,0.395773,0.399916,0.404495,0.409518,0.414991,0.420923,0.42732,0.434193,0.44155,0.449401,0.457757,0.466629,0.476027,0.485963,0.496449,0.507497,0.519118,0.531324,0.544127,0.557538,0.571566,0.58622,0.601509,0.617437,0.63401,0.651228,0.669089,0.68759,0.706722,0.726471,0.746821,0.767748,0.789225,0.811219,0.833691,0.856596,0.879884,0.9035,0.927385,0.951474,0.975702,1
1,0.974861,0.9498,0.924891,0.90021,0.875825,0.851802,0.8282,0.805074,0.78247,0.76043,0.738987,0.71817,0.698,0.678494,0.659663,0.641513,0.624047,0.607264,0.591159,0.575726,0.560956,0.546838,0.533362,0.520513,0.50828,0.496647,0.485603,0.475131,0.46522,0.455855,0.447023,0.438712,0.430909,0.423603,0.416784,0.41044,0.404562,0.399142,0.39417,0.389639,0.385542,0.381872,0.378625,0.375794,0.373376,0.371367,0.369763,0.368563,0.367763,0.367364,0.367364,0.367763,0.368563,0.369763,0.371367,0.373376,0.375794,0.378625,0.381872,0.385542,0.389639,0.39417,0.399142,0.404562,0.41044,0.416784,0.423603,0.430909,0.438712,0.447023,0.455855,0.46522,0.475131,0.485603,0.496647,0.50828,0.520513,0.533362,0.546838,0.560956,0.575726,0.591159,0.607264,0.624047,0.641513,0.659663,0.678494,0.698,0.71817,0.738987,0.76043,0.78247,0.805074,0.8282,0.851802,0.875825,0.90021,0.924891,0.9498,0.974861,1
1,0.973943,0.947972,0.922172,0.896624,0.871405,0.846588,0.822236,0.798408,0.775154,0.752516,0.73053,0.709224,0.688618,0.668726,0.649559,0.631119,0.613407,0.596417,0.580143,0.564574,0.549699,0.535504,0.521974,0.509093,0.496847,0.485217,0.474189,0.463747,0.453874,0.444555,0.435775,0.427521,0.419779,0.412536,0.40578,0.399499,0.393684,0.388324,0.383411,0.378936,0.374891,0.37127,0.368066,0.365275,0.362891,0.36091,0.359329,0.358146,0.357359,0.356965,0.356965,0.357359,0.358146,0.359329,0.36091,0.362891,0.365275,0.368066,0.37127,0.374891,0.378936,0.383411,0.388324,0.393684,0.399499,0.40578,0.412536,0.419779,0.427521,0.435775,0.444555,0.453874,0.463747,0.474189,0.485217,0.496847,0.509093,0.521974,0.535504,0.549699,0.564574,0.580143,0.596417,0.613407,0.631119,0.649559,0.668726,0.688618,0.709224,0.73053,0.752516,0.775154,0.798408,0.822236,0.846588,0.871405,0.896624,0.922172,0.947972,0.973943,1
1,0.972939,0.945974,0.919201,0.89271,0.866586,0.84091,0.81575,0.79117,0.767223,0.743954,0.721397,0.699581,0.678524,0.658239,0.638731,0.620003,0.602048,0.58486,0.568426,0.552734,0.537768,0.52351,0.509942,0.497046,0.484802,0.473192,0.462198,0.451799,0.44198,0.432722,0.424009,0.415826,0.408157,0.400988,0.394307,0.388101,0.382359,0.377069,0.372223,0.367811,0.363825,0.360258,0.357104,0.354356,0.35201,0.350062,0.348507,0.347343,0.346569,0.346182,0.346182,0.346569,0.347343,0.348507,0.350062,0.35201,0.354356,0.357104,0.360258,0.363825,0.367811,0.372223,0.377069,0.382359,0.388101,0.394307,0.400988,0.408157,0.415826,0.424009,0.432722,0.44198,0.451799,0.462198,0.473192,0.484802,0.497046,0.509942,0.52351,0.537768,0.552734,0.568426,0.58486,0.602048,0.620003,0.638731,0.658239,0.678524,0.699581,0.721397,0.743954,0.767223,0.79117,0.81575,0.84091,0.866586,0.89271,0.919201,0.945974,0.972939,1
1,0.971838,0.943785,0.915948,0.888429,0.861322,0.834716,0.808686,0.783302,0.758618,0.734681,0.711527,0.689182,0.667662,0.646977,0.627129,0.608115,0.589927,0.572551,0.555973,0.540173,0.525133,0.51083,0.497244,0.484351,0.47213,0.460559,0.449615,0.43928,0.429531,0.420351,0.411721,0.403623,0.396042,0.388961,0.382368,0.376247,0.370588,0.365378,0.360608,0.356268,0.352348,0.348843,0.345743,0.343044,0.340741,0.338828,0.337302,0.33616,0.3354,0.33502,0.33502,0.3354,0.33616,0.337302,0.338828,0.340741,0.343044,0.345743,0.348843,0.352348,0.356268,0.360608,0.365378,0.370588,0.376247,0.382368,0.388961,0.396042,0.403623,0.411721,0.420351,0.429531,0.43928,0.449615,0.460559,0.47213,0.484351,0.497244,0.51083,0.525133,0.540173,0.555973,0.572551,0.589927,0.608115,0.627129,0.646977,0.667662,0.689182,0.711527,0.734681,0.758618,0.783302,0.808686,0.834716,0.861322,0.888429,0.915948,0.943785,0.971838,1
1,0.970629,0.941382,0.912379,0.883736,0.855559,0.827946,0.80098,0.774734,0.749268,0.724628,0.700851,0.677959,0.655968,0.634881,0.614697,0.595407,0.576997,0.55945,0.542745,0.526858,0.511765,0.49744,0.483857,0.47099,0.458814,0.447302,0.436432,0.426179,0.416521,0.407437,0.398907,0.390911,0.383433,0.376455,0.369962,0.363939,0.358375,0.353256,0.348571,0.344311,0.340466,0.337028,0.33399,0.331345,0.329088,0.327215,0.325721,0.324603,0.323859,0.323487,0.323487,0.323859,0.324603,0.325721,0.327215,0.329088,0.331345,0.33399,0.337028,0.340466,0.344311,0.348571,0.353256,0.358375,0.363939,0.369962,0.376455,0.383433,0.390911,0.398907,0.407437,0.416521,0.426179,0.436432,0.447302,0.458814,0.47099,0.483857,0.49744,0.511765,0.526858,0.542745,0.55945,0.576997,0.595407,0.614697,0.634881,0.655968,0.677959,0.700851,0.724628,0.749268,0.774734,0.80098,0.827946,0.855559,0.883736,0.912379,0.941382,0.970629,1
1,0.969296,0.938734,0.908451,0.878578,0.849235,0.82053,0.792555,0.765388,0.739093,0.713716,0.689292,0.66584,0.643372,0.621886,0.601374,0.581822,0.563209,0.545512,0.528703,0.512754,0.497634,0.483313,0.46976,0.456945,0.444838,0.433411,0.422637,0.412489,0.402943,0.393975,0.385564,0.377688,0.37033,0.36347,0.357092,0.351181,0.345724,0.340706,0.336117,0.331947,0.328184,0.324821,0.321851,0.319266,0.317061,0.31523,0.313771,0.312679,0.311953,0.31159,0.31159,0.311953,0.312679,0.313771,0.31523,0.317061,0.319266,0.321851,0.324821,0.328184,0.331947,0.336117,0.340706,0.345724,0.351181,0.357092,0.36347,0.37033,0.377688,0.385564,0.393975,0.402943,0.412489,0.422637,0.433411,0.444838,0.456945,0.46976,0.483313,0.497634,0.512754,0.528703,0.545512,0.563209,0.581822,0.601374,0.621886,0.643372,0.66584,0.689292,0.713716,0.739093,0.765388,0.792555,0.82053,0.849235,0.878578,0.908451,0.938734,0.969296,1
1,0.967822,0.935807,0.904114,0.872891,0.842274,0.812384,0.783323,0.755174,0.728002,0.701854,0.676762,0.652741,0.629796,0.607919,0.587095,0.567301,0.548509,0.530689,0.513806,0.497824,0.482709,0.468422,0.454929,0.442195,0.430187,0.418873,0.408221,0.398203,0.388793,0.379963,0.371692,0.363956,0.356734,0.350009,0.343762,0.337977,0.332639,0.327735,0.323253,0.319181,0.315509,0.31223,0.309333,0.306814,0.304665,0.302883,0.301461,0.300398,0.299691,0.299337,0.299337,0.299691,0.300398,0.301461,0.302883,0.304665,0.306814,0.309333,0.31223,0.315509,0.319181,0.323253,0.327735,0.332639,0.337977,0.343762,0.350009,0.356734,0.363956,0.371692,0.379963,0.388793,0.398203,0.408221,0.418873,0.430187,0.442195,0.454929,0.468422,0.482709,0.497824,0.513806,0.530689,0.548509,0.567301,0.587095,0.607919,0.629796,0.652741,0.676762,0.701854,0.728002,0.755174,0.783323,0.812384,0.842274,0.872891,0.904114,0.935807,0.967822,1
1,0.966185,0.932559,0.899306,0.866598,0.834588,0.803411,0.77318,0.743983,0.715888,0.688939,0.663163,0.63857,0.615155,0.592903,0.571789,0.551781,0.532842,0.514933,0.498011,0.482034,0.466958,0.452742,0.439344,0.426726,0.414848,0.403676,0.393176,0.383316,0.374066,0.3654,0.35729,0.349714,0.342649,0.336076,0.329976,0.324331,0.319127,0.314349,0.309984,0.306021,0.30245,0.299261,0.296446,0.293999,0.291912,0.29018,0.2888,0.287768,0.287082,0.286739,0.286739,0.287082,0.287768,0.2888,0.29018,0.291912,0.293999,0.296446,0.299261,0.30245,0.306021,0.309984,0.314349,0.319127,0.324331,0.329976,0.336076,0.342649,0.349714,0.35729,0.3654,0.374066,0.383316,0.393176,0.403676,0.414848,0.426726,0.439344,0.452742,0.466958,0.482034,0.498011,0.514933,0.532842,0.551781,0.571789,0.592903,0.615155,0.63857,0.663163,0.688939,0.715888,0.743983,0.77318,0.803411,0.834588,0.866598,0.899306,0.932559,0.966185,1
1,0.964358,0.928939,0.893956,0.859607,0.82607,0.793495,0.762005,0.731694,0.702629,0.674853,0.648383,0.623222,0.599354,0.576752,0.55538,0.535195,0.516149,0.498193,0.481276,0.465345,0.450353,0.436248,0.422985,0.410519,0.398809,0.387813,0.377497,0.367824,0.358763,0.350284,0.34236,0.334966,0.328079,0.321676,0.31574,0.310251,0.305195,0.300556,0.29632,0.292477,0.289015,0.285925,0.283199,0.280829,0.278809,0.277134,0.275798,0.2748,0.274136,0.273804,0.273804,0.274136,0.2748,0.275798,0.277134,0.278809,0.280829,0.283199,0.285925,0.289015,0.292477,0.29632,0.300556,0.305195,0.310251,0.31574,0.321676,0.328079,0.334966,0.34236,0.350284,0.358763,0.367824,0.377497,0.387813,0.398809,0.410519,0.422985,0.436248,0.450353,0.465345,0.481276,0.498193,0.516149,0.535195,0.55538,0.576752,0.599354,0.623222,0.648383,0.674853,0.702629,0.731694,0.762005,0.793495,0.82607,0.859607,0.893956,0.928939,0.964358,1
1,0.96231,0.924883,0.887971,0.851806,0.81659,0.782494,0.749651,0.71816,0.688085,0.659461,0.632298,0.606583,0.582289,0.559374,0.537787,0.517472,0.49837,0.480418,0.463556,0.447724,0.432862,0.418917,0.405833,0.393563,0.382058,0.371277,0.361178,0.351724,0.342882,0.334619,0.326907,0.319718,0.313029,0.306817,0.301062,0.295746,0.290852,0.286364,0.28227,0.278558,0.275215,0.272232,0.269602,0.267316,0.265368,0.263753,0.262466,0.261504,0.260864,0.260545,0.260545,0.260864,0.261504,0.262466,0.263753,0.265368,0.267316,0.269602,0.272232,0.275215,0.278558,0.28227,0.286364,0.290852,0.295746,0.301062,0.306817,0.313029,0.319718,0.326907,0.334619,0.342882,0.351724,0.361178,0.371277,0.382058,0.393563,0.405833,0.418917,0.432862,0.447724,0.463556,0.480418,0.49837,0.517472,0.537787,0.559374,0.582289,0.606583,0.632298,0.659461,0.688085,0.71816,0.749651,0.782494,0.81659,0.851806,0.887971,0.924883,0.96231,1
1,0.959999,0.920312,0.88124,0.843056,0.805993,0.770242,0.735948,0.703211,0.67209,0.642611,0.614766,0.588527,0.563848,0.54067,0.518924,0.49854,0.479442,0.461557,0.444811,0.429135,0.414461,0.400726,0.387872,0.375844,0.364589,0.354062,0.344218,0.335019,0.326427,0.318409,0.310934,0.303975,0.297507,0.291506,0.285951,0.280824,0.276107,0.271786,0.267845,0.264274,0.26106,0.258193,0.255666,0.253471,0.251601,0.250051,0.248816,0.247892,0.247278,0.246972,0.246972,0.247278,0.247892,0.248816,0.250051,0.251601,0.253471,0.255666,0.258193,0.26106,0.264274,0.267845,0.271786,0.276107,0.280824,0.285951,0.291506,0.297507,0.303975,0.310934,0.318409,0.326427,0.335019,0.344218,0.354062,0.364589,0.375844,0.387872,0.400726,0.414461,0.429135,0.444811,0.461557,0.479442,0.49854,0.518924,0.54067,0.563848,0.588527,0.614766,0.642611,0.67209,0.703211,0.735948,0.770242,0.805993,0.843056,0.88124,0.920312,0.959999,1
1,0.957372,0.915126,0.873623,0.833185,0.794084,0.756533,0.720688,0.686647,0.654457,0.624127,0.59563,0.568913,0.543909,0.520535,0.498704,0.478324,0.459306,0.441559,0.425,0.409546,0.395123,0.38166,0.36909,0.357355,0.346397,0.336168,0.32662,0.31771,0.309402,0.301659,0.294451,0.287747,0.281522,0.275753,0.270418,0.265497,0.260974,0.256832,0.253057,0.249638,0.246563,0.243821,0.241405,0.239307,0.23752,0.236038,0.234859,0.233977,0.233391,0.233098,0.233098,0.233391,0.233977,0.234859,0.236038,0.23752,0.239307,0.241405,0.243821,0.246563,0.249638,0.253057,0.256832,0.260974,0.265497,0.270418,0.275753,0.281522,0.287747,0.294451,0.301659,0.309402,0.31771,0.32662,0.336168,0.346397,0.357355,0.36909,0.38166,0.395123,0.409546,0.425,0.441559,0.459306,0.478324,0.498704,0.520535,0.543909,0.568913,0.59563,0.624127,0.654457,0.686647,0.720688,0.756533,0.794084,0.833185,0.873623,0.915126,0.957372,1
1,0.954365,0.909199,0.864941,0.821978,0.780625,0.741121,0.703626,0.668231,0.634966,0.603812,0.574714,0.54759,0.522341,0.49886,0.477034,0.45675,0.4379,0.420378,0.404086,0.388931,0.37483,0.361702,0.349478,0.338091,0.327482,0.317596,0.308386,0.299806,0.291816,0.284381,0.277467,0.271044,0.265087,0.259571,0.254475,0.249778,0.245463,0.241515,0.237919,0.234664,0.231737,0.229129,0.226831,0.224836,0.223138,0.22173,0.22061,0.219772,0.219215,0.218937,0.218937,0.219215,0.219772,0.22061,0.22173,0.223138,0.224836,0.226831,0.229129,0.231737,0.234664,0.237919,0.241515,0.245463,0.249778,0.254475,0.259571,0.265087,0.271044,0.277467,0.284381,0.291816,0.299806,0.308386,0.317596,0.327482,0.338091,0.349478,0.361702,0.37483,0.388931,0.404086,0.420378,0.4379,0.45675,0.477034,0.49886,0.522341,0.54759,0.574714,0.603812,0.634966,0.668231,0.703626,0.741121,0.780625,0.821978,0.864941,0.909199,0.954365,1
1,0.950889,0.902363,0.854965,0.809161,0.765318,0.7237,0.684466,0.647688,0.613366,0.581444,0.551826,0.524393,0.499008,0.475532,0.453824,0.433745,0.415168,0.397969,0.382036,0.367266,0.353565,0.340846,0.329032,0.318053,0.307846,0.298353,0.289525,0.281314,0.27368,0.266585,0.259995,0.253881,0.248216,0.242975,0.238136,0.233681,0.229591,0.225851,0.222446,0.219365,0.216597,0.214131,0.211959,0.210074,0.20847,0.207141,0.206083,0.205292,0.204766,0.204504,0.204504,0.204766,0.205292,0.206083,0.207141,0.20847,0.210074,0.211959,0.214131,0.216597,0.219365,0.222446,0.225851,0.229591,0.233681,0.238136,0.242975,0.248216,0.253881,0.259995,0.266585,0.27368,0.281314,0.289525,0.298353,0.307846,0.318053,0.329032,0.340846,0.353565,0.367266,0.382036,0.397969,0.415168,0.433745,0.453824,0.475532,0.499008,0.524393,0.551826,0.581444,0.613366,0.647688,0.684466,0.7237,0.765318,0.809161,0.854965,0.902363,0.950889,1
1,0.946828,0.8944,0.843395,0.794383,0.747788,0.703895,0.66285,0.62469,0.589367,0.556772,0.526756,0.499148,0.473769,0.450439,0.428985,0.409242,0.39106,0.374297,0.358827,0.344536,0.33132,0.319087,0.307754,0.297246,0.287498,0.278451,0.27005,0.26225,0.255009,0.248287,0.242052,0.236274,0.230924,0.22598,0.22142,0.217223,0.213374,0.209855,0.206655,0.20376,0.201159,0.198844,0.196806,0.195037,0.193532,0.192285,0.191293,0.190552,0.190059,0.189813,0.189813,0.190059,0.190552,0.191293,0.192285,0.193532,0.195037,0.196806,0.198844,0.201159,0.20376,0.206655,0.209855,0.213374,0.217223,0.22142,0.22598,0.230924,0.236274,0.242052,0.248287,0.255009,0.26225,0.27005,0.278451,0.287498,0.297246,0.307754,0.319087,0.33132,0.344536,0.358827,0.374297,0.39106,0.409242,0.428985,0.450439,0.473769,0.499148,0.526756,0.556772,0.589367,0.62469,0.66285,0.703895,0.747788,0.794383,0.843395,0.8944,0.946828,1
1,0.942024,0.885013,0.829835,0.777186,0.727559,0.681242,0.638349,0.598856,0.562642,0.529523,0.499279,0.471676,0.446482,0.423472,0.402437,0.383182,0.365533,0.349334,0.334442,0.320733,0.308096,0.296432,0.285653,0.275683,0.266454,0.257903,0.249979,0.242632,0.23582,0.229506,0.223656,0.21824,0.213231,0.208606,0.204343,0.200423,0.196829,0.193546,0.190562,0.187863,0.18544,0.183284,0.181386,0.17974,0.17834,0.17718,0.176257,0.175568,0.175109,0.17488,0.17488,0.175109,0.175568,0.176257,0.17718,0.17834,0.17974,0.181386,0.183284,0.18544,0.187863,0.190562,0.193546,0.196829,0.200423,0.204343,0.208606,0.213231,0.21824,0.223656,0.229506,0.23582,0.242632,0.249979,0.257903,0.266454,0.275683,0.285653,0.296432,0.308096,0.320733,0.334442,0.349334,0.365533,0.383182,0.402437,0.423472,0.446482,0.471676,0.499279,0.529523,0.562642,0.598856,0.638349,0.681242,0.727559,0.777186,0.829835,0.885013,0.942024,1
1,0.936253,0.873793,0.813746,0.75697,0.70402,0.655166,0.610449,0.569745,0.532824,0.4994,0.469161,0.441798,0.417013,0.394533,0.374109,0.355517,0.338561,0.323065,0.308876,0.295861,0.283901,0.272893,0.262747,0.253383,0.244733,0.236734,0.229332,0.222481,0.216138,0.210265,0.20483,0.199803,0.195159,0.190873,0.186926,0.183299,0.179976,0.176943,0.174186,0.171695,0.169459,0.16747,0.16572,0.164202,0.162911,0.161842,0.160992,0.160356,0.159934,0.159723,0.159723,0.159934,0.160356,0.160992,0.161842,0.162911,0.164202,0.16572,0.16747,0.169459,0.171695,0.174186,0.176943,0.179976,0.183299,0.186926,0.190873,0.195159,0.199803,0.20483,0.210265,0.216138,0.222481,0.229332,0.236734,0.244733,0.253383,0.262747,0.272893,0.283901,0.295861,0.308876,0.323065,0.338561,0.355517,0.374109,0.394533,0.417013,0.441798,0.469161,0.4994,0.532824,0.569745,0.610449,0.655166,0.70402,0.75697,0.813746,0.873793,0.936253,1
1,0.929197,0.860161,0.794385,0.732928,0.676385,0.624953,0.578537,0.536851,0.499511,0.466092,0.43617,0.409342,0.385241,0.36354,0.34395,0.32622,0.310129,0.295491,0.28214,0.269935,0.258756,0.248494,0.23906,0.230373,0.222362,0.214969,0.208139,0.201826,0.195988,0.190589,0.185599,0.180987,0.17673,0.172805,0.169193,0.165876,0.162838,0.160067,0.157549,0.155275,0.153235,0.15142,0.149824,0.148441,0.147264,0.14629,0.145515,0.144936,0.144551,0.144359,0.144359,0.144551,0.144936,0.145515,0.14629,0.147264,0.148441,0.149824,0.15142,0.153235,0.155275,0.157549,0.160067,0.162838,0.165876,0.169193,0.172805,0.17673,0.180987,0.185599,0.190589,0.195988,0.201826,0.208139,0.214969,0.222362,0.230373,0.23906,0.248494,0.258756,0.269935,0.28214,0.295491,0.310129,0.32622,0.34395,0.36354,0.385241,0.409342,0.43617,0.466092,0.499511,0.536851,0.578537,0.624953,0.676385,0.732928,0.794385,0.860161,0.929197,1
1,0.920375,0.843268,0.770705,0.703972,0.64364,0.589727,0.541894,0.499611,0.462277,0.429289,0.400085,0.374159,0.351071,0.330437,0.311934,0.295283,0.280248,0.26663,0.254258,0.242988,0.232694,0.223271,0.214629,0.206687,0.199378,0.192643,0.186431,0.180697,0.175401,0.170509,0.165991,0.16182,0.157972,0.154428,0.151167,0.148175,0.145437,0.14294,0.140672,0.138625,0.136788,0.135156,0.13372,0.132475,0.131417,0.130542,0.129845,0.129325,0.128979,0.128806,0.128806,0.128979,0.129325,0.129845,0.130542,0.131417,0.132475,0.13372,0.135156,0.136788,0.138625,0.140672,0.14294,0.145437,0.148175,0.151167,0.154428,0.157972,0.16182,0.165991,0.170509,0.175401,0.180697,0.186431,0.192643,0.199378,0.206687,0.214629,0.223271,0.232694,0.242988,0.254258,0.26663,0.280248,0.295283,0.311934,0.330437,0.351071,0.374159,0.400085,0.429289,0.462277,0.499611,0.541894,0.589727,0.64364,0.703972,0.770705,0.843268,0.920375,1
1,0.909034,0.821833,0.741195,0.668616,0.604477,0.548421,0.499701,0.457425,0.420699,0.388704,0.360722,0.336141,0.314446,0.295206,0.278067,0.262731,0.248953,0.236525,0.225278,0.215064,0.205763,0.197271,0.189498,0.18237,0.175822,0.169798,0.164248,0.159132,0.154412,0.150057,0.146038,0.142331,0.138914,0.135768,0.132876,0.130224,0.127797,0.125586,0.123578,0.121766,0.120141,0.118697,0.117427,0.116327,0.115392,0.114618,0.114002,0.113542,0.113236,0.113084,0.113084,0.113236,0.113542,0.114002,0.114618,0.115392,0.116327,0.117427,0.118697,0.120141,0.121766,0.123578,0.125586,0.127797,0.130224,0.132876,0.135768,0.138914,0.142331,0.146038,0.150057,0.154412,0.159132,0.164248,0.169798,0.175822,0.18237,0.189498,0.197271,0.205763,0.215064,0.225278,0.236525,0.248953,0.262731,0.278067,0.295206,0.314446,0.336141,0.360722,0.388704,0.420699,0.457425,0.499701,0.548421,0.604477,0.668616,0.741195,0.821833,0.909034,1
1,0.893927,0.793835,0.703627,0.62482,0.557231,0.499779,0.451066,0.409688,0.37439,0.344107,0.31796,0.295238,0.275365,0.257876,0.242397,0.228623,0.216306,0.205243,0.195264,0.18623,0.178026,0.170551,0.163725,0.157476,0.151744,0.146478,0.141634,0.137173,0.133061,0.129271,0.125776,0.122555,0.119587,0.116857,0.114348,0.112049,0.109946,0.10803,0.106291,0.104722,0.103316,0.102066,0.100968,0.100016,0.0992071,0.0985377,0.0980053,0.0976078,0.0973437,0.0972118,0.0972118,0.0973437,0.0976078,0.0980053,0.0985377,0.0992071,0.100016,0.100968,0.102066,0.103316,0.104722,0.106291,0.10803,0.109946,0.112049,0.114348,0.116857,0.119587,0.122555,0.125776,0.129271,0.133061,0.137173,0.141634,0.146478,0.151744,0.157476,0.163725,0.170551,0.178026,0.18623,0.195264,0.205243,0.216306,0.228623,0.242397,0.257876,0.275365,0.295238,0.31796,0.344107,0.37439,0.409688,0.451066,0.499779,0.557231,0.62482,0.703627,0.793835,0.893927,1
1,0.87284,0.755954,0.654658,0.569806,0.499846,0.442401,0.395094,0.355871,0.323066,0.295373,0.271775,0.251488,0.233901,0.218538,0.205024,0.19306,0.182408,0.172876,0.164306,0.156569,0.149559,0.143186,0.137376,0.132066,0.127202,0.122739,0.118638,0.114865,0.111391,0.108191,0.105242,0.102526,0.100026,0.0977258,0.095614,0.0936786,0.0919097,0.0902983,0.0888367,0.0875181,0.0863364,0.0852865,0.0843639,0.0835646,0.0828853,0.0823233,0.0818763,0.0815426,0.0813209,0.0812102,0.0812102,0.0813209,0.0815426,0.0818763,0.0823233,0.0828853,0.0835646,0.0843639,0.0852865,0.0863364,0.0875181,0.0888367,0.0902983,0.0919097,0.0936786,0.095614,0.0977258,0.100026,0.102526,0.105242,0.108191,0.111391,0.114865,0.118638,0.122739,0.127202,0.132066,0.137376,0.143186,0.149559,0.156569,0.164306,0.172876,0.182408,0.19306,0.205024,0.218538,0.233901,0.251488,0.271775,0.295373,0.323066,0.355871,0.395094,0.442401,0.499846,0.569806,0.654658,0.755954,0.87284,1
1,0.841478,0.702482,0.589246,0.499901,0.429947,0.374885,0.331041,0.295636,0.266633,0.242544,0.22228,0.205038,0.190214,0.177352,0.1661,0.156185,0.147392,0.139548,0.132516,0.126183,0.120456,0.115259,0.110528,0.10621,0.102261,0.0986399,0.0953159,0.0922604,0.0894491,0.0868609,0.0844777,0.0822836,0.0802646,0.0784085,0.0767048,0.0751439,0.0737177,0.0724189,0.0712411,0.0701788,0.069227,0.0683814,0.0676385,0.0669949,0.0664481,0.0659957,0.0656359,0.0653673,0.0651889,0.0650998,0.0650998,0.0651889,0.0653673,0.0656359,0.0659957,0.0664481,0.0669949,0.0676385,0.0683814,0.069227,0.0701788,0.0712411,0.0724189,0.0737177,0.0751439,0.0767048,0.0784085,0.0802646,0.0822836,0.0844777,0.0868609,0.0894491,0.0922604,0.0953159,0.0986399,0.102261,0.10621,0.110528,0.115259,0.120456,0.126183,0.132516,0.139548,0.147392,0.156185,0.1661,0.177352,0.190214,0.205038,0.22228,0.242544,0.266633,0.295636,0.331041,0.374885,0.429947,0.499901,0.589246,0.702482,0.841478,1
1,0.790592,0.623248,0.499944,0.410605,0.345157,0.296151,0.258547,0.229001,0.205285,0.185889,0.169764,0.156169,0.144565,0.134555,0.12584,0.11819,0.111427,0.10541,0.100028,0.0951907,0.0908235,0.0868662,0.0832685,0.0799884,0.0769906,0.074245,0.0717263,0.0694125,0.0672849,0.0653272,0.0635254,0.0618672,0.0603419,0.0589402,0.057654,0.0564759,0.0553997,0.0544199,0.0535315,0.0527304,0.0520127,0.0513752,0.0508152,0.0503301,0.0499179,0.049577,0.0493059,0.0491035,0.048969,0.0489019,0.0489019,0.048969,0.0491035,0.0493059,0.049577,0.0499179,0.0503301,0.0508152,0.0513752,0.0520127,0.0527304,0.0535315,0.0544199,0.0553997,0.0564759,0.057654,0.0589402,0.0603419,0.0618672,0.0635254,0.0653272,0.0672849,0.0694125,0.0717263,0.074245,0.0769906,0.0799884,0.0832685,0.0868662,0.0908235,0.0951907,0.100028,0.10541,0.111427,0.11819,0.12584,0.134555,0.144565,0.156169,0.169764,0.185889,0.205285,0.229001,0.258547,0.296151,0.345157,0.410605,0.499944,0.623248,0.790592,1
1,0.69764,0.499975,0.376678,0.29742,0.243923,0.206017,0.177995,0.156535,0.139619,0.125963,0.11472,0.10531,0.0973235,0.0904652,0.0845152,0.0793078,0.0747153,0.070638,0.066997,0.0637288,0.0607821,0.0581147,0.055692,0.0534849,0.0514692,0.0496242,0.0479326,0.0463793,0.0449517,0.0436385,0.0424303,0.0413188,0.0402967,0.0393576,0.038496,0.037707,0.0369864,0.0363305,0.0357358,0.0351996,0.0347193,0.0342927,0.033918,0.0335935,0.0333177,0.0330896,0.0329083,0.0327729,0.0326829,0.0326381,0.0326381,0.0326829,0.0327729,0.0329083,0.0330896,0.0333177,0.0335935,0.033918,0.0342927,0.0347193,0.0351996,0.0357358,0.0363305,0.0369864,0.037707,0.038496,0.0393576,0.0402967,0.0413188,0.0424303,0.0436385,0.0449517,0.0463793,0.0479326,0.0496242,0.0514692,0.0534849,0.055692,0.0581147,0.0607821,0.0637288,0.066997,0.070638,0.0747153,0.0793078,0.0845152,0.0904652,0.0973235,0.10531,0.11472,0.125963,0.139619,0.156535,0.177995,0.206017,0.243923,0.29742,0.376678,0.499975,0.69764,1
1,0.499994,0.302335,0.209371,0.158472,0.127098,0.105999,0.0908801,0.079527,0.0706926,0.0636246,0.0578428,0.0530267,0.0489542,0.0454669,0.0424483,0.0398112,0.0374891,0.03543,0.0335932,0.0319458,0.0304617,0.0291191,0.0279004,0.0267907,0.0257775,0.0248506,0.024001,0.0232211,0.0225045,0.0218455,0.0212393,0.0206817,0.020169,0.0196981,0.0192661,0.0188705,0.0185093,0.0181804,0.0178824,0.0176136,0.0173729,0.0171592,0.0169714,0.0168088,0.0166706,0.0165563,0.0164655,0.0163976,0.0163526,0.0163301,0.0163301,0.0163526,0.0163976,0.0164655,0.0165563,0.0166706,0.0168088,0.0169714,0.0171592,0.0173729,0.0176136,0.0178824,0.0181804,0.0185093,0.0188705,0.0192661,0.0196981,0.020169,0.0206817,0.0212393,0.0218455,0.0225045,0.0232211,0.024001,0.0248506,0.0257775,0.0267907,0.0279004,0.0291191,0.0304617,0.0319458,0.0335932,0.03543,0.0374891,0.0398112,0.0424483,0.0454669,0.0489542,0.0530267,0.0578428,0.0636246,0.0706926,0.079527,0.0908801,0.105999,0.127098,0.158472,0.209371,0.302335,0.499994,1
