1,1.00097,1.00387,1.00868,1.0154,1.02399,1.03443,1.04666,1.06065,1.07634,1.09367,1.11257,1.13297,1.15479,1.17794,1.20235,1.2279,1.2545,1.28206,1.31046,1.33959,1.36934,1.3996,1.43024,1.46116,1.49222,1.52332,1.55433,1.58512,1.61559,1.64561,1.67506,1.70384,1.73183,1.75892,1.78502,1.81,1.83379,1.85629,1.87741,1.89707,1.91519,1.93171,1.94656,1.95968,1.97102,1.98054,1.98819,1.99397,1.99782,1.99976,1.99976,1.99782,1.99397,1.98819,1.98054,1.97102,1.95968,1.94656,1.93171,1.91519,1.89707,1.87741,1.85629,1.83379,1.81,1.78502,1.75892,1.73183,1.70384,1.67506,1.64561,1.61559,1.58512,1.55433,1.52332,1.49222,1.46116,1.43024,1.3996,1.36934,1.33959,1.31046,1.28206,1.2545,1.2279,1.20235,1.17794,1.15479,1.13297,1.11257,1.09367,1.07634,1.06065,1.04666,1.03443,1.02399,1.0154,1.00868,1.00387,1.00097,1
1,1.00404,1.00903,1.01533,1.0231,1.03241,1.04329,1.05572,1.06969,1.08518,1.10213,1.12049,1.14021,1.16121,1.18343,1.20678,1.23119,1.25655,1.28277,1.30977,1.33743,1.36565,1.39433,1.42336,1.45263,1.48202,1.51143,1.54074,1.56985,1.59863,1.62698,1.65479,1.68196,1.70837,1.73394,1.75855,1.78212,1.80456,1.82578,1.84569,1.86423,1.88132,1.89689,1.91088,1.92325,1.93394,1.94291,1.95013,1.95557,1.9592,1.96103,1.96103,1.9592,1.95557,1.95013,1.94291,1.93394,1.92325,1.91088,1.89689,1.88132,1.86423,1.84569,1.82578,1.80456,1.78212,1.75855,1.73394,1.70837,1.68196,1.65479,1.62698,1.59863,1.56985,1.54074,1.51143,1.48202,1.45263,1.42336,1.39433,1.36565,1.33743,1.30977,1.28277,1.25655,1.23119,1.20678,1.18343,1.16121,1.14021,1.12049,1.10213,1.08518,1.06969,1.05572,1.04329,1.03241,1.0231,1.01533,1.00903,1.00404,1
1,1.00616,1.01287,1.02051,1.02927,1.03927,1.05058,1.06323,1.07723,1.09255,1.10917,1.12706,1.14616,1.16643,1.18779,1.21017,1.23351,1.25772,1.28272,1.30841,1.33471,1.36151,1.38872,1.41625,1.44398,1.47181,1.49964,1.52737,1.55489,1.5821,1.60889,1.63516,1.66082,1.68576,1.7099,1.73313,1.75538,1.77655,1.79657,1.81535,1.83284,1.84895,1.86364,1.87684,1.8885,1.89858,1.90704,1.91384,1.91897,1.9224,1.92412,1.92412,1.9224,1.91897,1.91384,1.90704,1.89858,1.8885,1.87684,1.86364,1.84895,1.83284,1.81535,1.79657,1.77655,1.75538,1.73313,1.7099,1.68576,1.66082,1.63516,1.60889,1.5821,1.55489,1.52737,1.49964,1.47181,1.44398,1.41625,1.38872,1.36151,1.33471,1.30841,1.28272,1.25772,1.23351,1.21017,1.18779,1.16643,1.14616,1.12706,1.10917,1.09255,1.07723,1.06323,1.05058,1.03927,1.02927,1.02051,1.01287,1.00616,1
1,1.00772,1.01581,1.02456,1.03419,1.04482,1.05654,1.06941,1.08343,1.09861,1.11495,1.13241,1.15095,1.17054,1.19111,1.21261,1.23497,1.25812,1.28197,1.30645,1.33148,1.35696,1.38281,1.40892,1.43522,1.4616,1.48796,1.51421,1.54025,1.56598,1.59132,1.61615,1.6404,1.66396,1.68676,1.7087,1.7297,1.74969,1.76859,1.78632,1.80282,1.81802,1.83188,1.84433,1.85533,1.86484,1.87282,1.87924,1.88407,1.88731,1.88893,1.88893,1.88731,1.88407,1.87924,1.87282,1.86484,1.85533,1.84433,1.83188,1.81802,1.80282,1.78632,1.76859,1.74969,1.7297,1.7087,1.68676,1.66396,1.6404,1.61615,1.59132,1.56598,1.54025,1.51421,1.48796,1.4616,1.43522,1.40892,1.38281,1.35696,1.33148,1.30645,1.28197,1.25812,1.23497,1.21261,1.19111,1.17054,1.15095,1.13241,1.11495,1.09861,1.08343,1.06941,1.05654,1.04482,1.03419,1.02456,1.01581,1.00772,1
1,1.0089,1.01807,1.02775,1.03811,1.04928,1.06137,1.07442,1.08847,1.10353,1.1196,1.13667,1.15471,1.17367,1.19352,1.21419,1.23564,1.2578,1.28059,1.30395,1.32779,1.35204,1.37661,1.40142,1.42638,1.4514,1.47639,1.50126,1.52591,1.55027,1.57424,1.59773,1.62066,1.64293,1.66448,1.68521,1.70505,1.72393,1.74177,1.75851,1.77409,1.78844,1.80152,1.81327,1.82365,1.83262,1.84015,1.84621,1.85078,1.85383,1.85536,1.85536,1.85383,1.85078,1.84621,1.84015,1.83262,1.82365,1.81327,1.80152,1.78844,1.77409,1.75851,1.74177,1.72393,1.70505,1.68521,1.66448,1.64293,1.62066,1.59773,1.57424,1.55027,1.52591,1.50126,1.47639,1.4514,1.42638,1.40142,1.37661,1.35204,1.32779,1.30395,1.28059,1.2578,1.23564,1.21419,1.19352,1.17367,1.15471,1.13667,1.1196,1.10353,1.08847,1.07442,1.06137,1.04928,1.03811,1.02775,1.01807,1.0089,1
1,1.00981,1.01983,1.03025,1.04121,1.05283,1.06522,1.07843,1.09249,1.10744,1.12327,1.13997,1.15753,1.17591,1.19509,1.215,1.23561,1.25684,1.27865,1.30096,1.3237,1.3468,1.37019,1.39377,1.41748,1.44123,1.46493,1.48851,1.51188,1.53495,1.55764,1.57987,1.60156,1.62263,1.643,1.6626,1.68136,1.69919,1.71605,1.73187,1.74658,1.76014,1.77249,1.78358,1.79339,1.80186,1.80896,1.81468,1.81899,1.82187,1.82331,1.82331,1.82187,1.81899,1.81468,1.80896,1.80186,1.79339,1.78358,1.77249,1.76014,1.74658,1.73187,1.71605,1.69919,1.68136,1.6626,1.643,1.62263,1.60156,1.57987,1.55764,1.53495,1.51188,1.48851,1.46493,1.44123,1.41748,1.39377,1.37019,1.3468,1.3237,1.30096,1.27865,1.25684,1.23561,1.215,1.19509,1.17591,1.15753,1.13997,1.12327,1.10744,1.09249,1.07843,1.06522,1.05283,1.04121,1.03025,1.01983,1.00981,1
1,1.01052,1.0212,1.0322,1.04364,1.05563,1.06826,1.08158,1.09564,1.11046,1.12605,1.14241,1.15953,1.17737,1.19592,1.21512,1.23494,1.25532,1.2762,1.29754,1.31925,1.34128,1.36356,1.386,1.40854,1.4311,1.45361,1.47598,1.49814,1.52,1.5415,1.56256,1.58309,1.60303,1.62231,1.64084,1.65858,1.67544,1.69138,1.70633,1.72023,1.73304,1.74471,1.75519,1.76445,1.77245,1.77916,1.78456,1.78863,1.79135,1.79272,1.79272,1.79135,1.78863,1.78456,1.77916,1.77245,1.76445,1.75519,1.74471,1.73304,1.72023,1.70633,1.69138,1.67544,1.65858,1.64084,1.62231,1.60303,1.58309,1.56256,1.5415,1.52,1.49814,1.47598,1.45361,1.4311,1.40854,1.386,1.36356,1.34128,1.31925,1.29754,1.2762,1.25532,1.23494,1.21512,1.19592,1.17737,1.15953,1.14241,1.12605,1.11046,1.09564,1.08158,1.06826,1.05563,1.04364,1.0322,1.0212,1.01052,1
1,1.01106,1.02225,1.0337,1.04552,1.05779,1.0706,1.08399,1.09802,1.11271,1.12807,1.1441,1.16079,1.17813,1.19608,1.21462,1.2337,1.25328,1.27331,1.29373,1.31449,1.33552,1.35675,1.37813,1.39958,1.42104,1.44242,1.46366,1.48469,1.50543,1.52581,1.54576,1.56521,1.5841,1.60234,1.61989,1.63667,1.65262,1.6677,1.68183,1.69498,1.70709,1.71811,1.72802,1.73677,1.74433,1.75068,1.75578,1.75962,1.76219,1.76348,1.76348,1.76219,1.75962,1.75578,1.75068,1.74433,1.73677,1.72802,1.71811,1.70709,1.69498,1.68183,1.6677,1.65262,1.63667,1.61989,1.60234,1.5841,1.56521,1.54576,1.52581,1.50543,1.48469,1.46366,1.44242,1.42104,1.39958,1.37813,1.35675,1.33552,1.31449,1.29373,1.27331,1.25328,1.2337,1.21462,1.19608,1.17813,1.16079,1.1441,1.12807,1.11271,1.09802,1.08399,1.0706,1.05779,1.04552,1.0337,1.02225,1.01106,1
1,1.01147,1.02305,1.03484,1.04694,1.05942,1.07234,1.08578,1.09975,1.11429,1.12942,1.14513,1.16142,1.17827,1.19567,1.21358,1.23197,1.2508,1.27003,1.2896,1.30945,1.32955,1.34981,1.37019,1.39062,1.41104,1.43137,1.45155,1.47152,1.49121,1.51055,1.52947,1.54791,1.5658,1.58308,1.5997,1.61559,1.63069,1.64495,1.65832,1.67076,1.68221,1.69264,1.70201,1.71028,1.71743,1.72343,1.72825,1.73188,1.73431,1.73553,1.73553,1.73431,1.73188,1.72825,1.72343,1.71743,1.71028,1.70201,1.69264,1.68221,1.67076,1.65832,1.64495,1.63069,1.61559,1.5997,1.58308,1.5658,1.54791,1.52947,1.51055,1.49121,1.47152,1.45155,1.43137,1.41104,1.39062,1.37019,1.34981,1.32955,1.30945,1.2896,1.27003,1.2508,1.23197,1.21358,1.19567,1.17827,1.16142,1.14513,1.12942,1.11429,1.09975,1.08578,1.07234,1.05942,1.04694,1.03484,1.02305,1.01147,1
1,1.01178,1.02364,1.03568,1.04797,1.06059,1.07359,1.08702,1.10091,1.11529,1.13018,1.14557,1.16147,1.17787,1.19474,1.21206,1.22981,1.24793,1.2664,1.28517,1.30418,1.3234,1.34276,1.3622,1.38168,1.40112,1.42047,1.43966,1.45864,1.47734,1.4957,1.51365,1.53114,1.54811,1.56449,1.58024,1.59529,1.60959,1.62309,1.63575,1.64752,1.65836,1.66823,1.67709,1.68492,1.69168,1.69735,1.70191,1.70535,1.70765,1.7088,1.7088,1.70765,1.70535,1.70191,1.69735,1.69168,1.68492,1.67709,1.66823,1.65836,1.64752,1.63575,1.62309,1.60959,1.59529,1.58024,1.56449,1.54811,1.53114,1.51365,1.4957,1.47734,1.45864,1.43966,1.42047,1.40112,1.38168,1.3622,1.34276,1.3234,1.30418,1.28517,1.2664,1.24793,1.22981,1.21206,1.19474,1.17787,1.16147,1.14557,1.13018,1.11529,1.10091,1.08702,1.07359,1.06059,1.04797,1.03568,1.02364,1.01178,1
1,1.01199,1.02405,1.03626,1.04869,1.06138,1.07441,1.08779,1.10158,1.11578,1.13043,1.14551,1.16104,1.17699,1.19336,1.21012,1.22725,1.24472,1.26247,1.28049,1.29871,1.31711,1.33561,1.35418,1.37276,1.39129,1.40972,1.42799,1.44604,1.46382,1.48126,1.49831,1.51491,1.531,1.54654,1.56147,1.57573,1.58929,1.60208,1.61407,1.62522,1.63548,1.64482,1.65321,1.66062,1.66702,1.67239,1.6767,1.67996,1.68213,1.68322,1.68322,1.68213,1.67996,1.6767,1.67239,1.66702,1.66062,1.65321,1.64482,1.63548,1.62522,1.61407,1.60208,1.58929,1.57573,1.56147,1.54654,1.531,1.51491,1.49831,1.48126,1.46382,1.44604,1.42799,1.40972,1.39129,1.37276,1.35418,1.33561,1.31711,1.29871,1.28049,1.26247,1.24472,1.22725,1.21012,1.19336,1.17699,1.16104,1.14551,1.13043,1.11578,1.10158,1.08779,1.07441,1.06138,1.04869,1.03626,1.02405,1.01199,1
1,1.01213,1.02432,1.03663,1.04913,1.06185,1.07486,1.08817,1.10182,1.11584,1.13024,1.14501,1.16017,1.1757,1.19159,1.20782,1.22437,1.2412,1.25829,1.2756,1.29308,1.3107,1.32841,1.34615,1.36389,1.38157,1.39914,1.41654,1.43372,1.45062,1.4672,1.4834,1.49917,1.51445,1.5292,1.54336,1.55689,1.56974,1.58187,1.59324,1.6038,1.61352,1.62237,1.63032,1.63733,1.64339,1.64847,1.65256,1.65564,1.6577,1.65873,1.65873,1.6577,1.65564,1.65256,1.64847,1.64339,1.63733,1.63032,1.62237,1.61352,1.6038,1.59324,1.58187,1.56974,1.55689,1.54336,1.5292,1.51445,1.49917,1.4834,1.4672,1.45062,1.43372,1.41654,1.39914,1.38157,1.36389,1.34615,1.32841,1.3107,1.29308,1.2756,1.25829,1.2412,1.22437,1.20782,1.19159,1.1757,1.16017,1.14501,1.13024,1.11584,1.10182,1.08817,1.07486,1.06185,1.04913,1.03663,1.02432,1.01213,1
1,1.0122,1.02446,1.03682,1.04934,1.06205,1.07499,1.08821,1.10171,1.11552,1.12966,1.14413,1.15893,1.17405,1.18948,1.2052,1.22119,1.23743,1.25389,1.27053,1.28731,1.30421,1.32116,1.33813,1.35508,1.37196,1.38871,1.4053,1.42166,1.43776,1.45353,1.46894,1.48392,1.49844,1.51245,1.52589,1.53873,1.55092,1.56243,1.5732,1.58322,1.59243,1.60082,1.60835,1.615,1.62074,1.62555,1.62942,1.63234,1.63429,1.63526,1.63526,1.63429,1.63234,1.62942,1.62555,1.62074,1.615,1.60835,1.60082,1.59243,1.58322,1.5732,1.56243,1.55092,1.53873,1.52589,1.51245,1.49844,1.48392,1.46894,1.45353,1.43776,1.42166,1.4053,1.38871,1.37196,1.35508,1.33813,1.32116,1.30421,1.28731,1.27053,1.25389,1.23743,1.22119,1.2052,1.18948,1.17405,1.15893,1.14413,1.12966,1.11552,1.10171,1.08821,1.07499,1.06205,1.04934,1.03682,1.02446,1.0122,1
1,1.01223,1.0245,1.03686,1.04935,1.06201,1.07487,1.08795,1.10128,1.11488,1.12876,1.14292,1.15736,1.17208,1.18707,1.20231,1.21777,1.23345,1.24931,1.26532,1.28144,1.29765,1.31389,1.33014,1.34635,1.36247,1.37846,1.39428,1.40988,1.42521,1.44023,1.45489,1.46914,1.48294,1.49625,1.50902,1.52122,1.53279,1.54371,1.55394,1.56343,1.57218,1.58013,1.58727,1.59357,1.59901,1.60358,1.60724,1.61001,1.61185,1.61278,1.61278,1.61185,1.61001,1.60724,1.60358,1.59901,1.59357,1.58727,1.58013,1.57218,1.56343,1.55394,1.54371,1.53279,1.52122,1.50902,1.49625,1.48294,1.46914,1.45489,1.44023,1.42521,1.40988,1.39428,1.37846,1.36247,1.34635,1.33014,1.31389,1.29765,1.28144,1.26532,1.24931,1.23345,1.21777,1.20231,1.18707,1.17208,1.15736,1.14292,1.12876,1.11488,1.10128,1.08795,1.07487,1.06201,1.04935,1.03686,1.0245,1.01223,1
1,1.01221,1.02445,1.03677,1.0492,1.06177,1.07451,1.08744,1.10059,1.11396,1.12758,1.14143,1.15552,1.16985,1.18441,1.19918,1.21415,1.22929,1.24458,1.25999,1.27549,1.29105,1.30662,1.32219,1.3377,1.35311,1.36839,1.38349,1.39837,1.41298,1.42729,1.44124,1.45481,1.46794,1.48059,1.49273,1.50432,1.51531,1.52568,1.53539,1.54441,1.55271,1.56025,1.56703,1.573,1.57816,1.58249,1.58597,1.58859,1.59034,1.59122,1.59122,1.59034,1.58859,1.58597,1.58249,1.57816,1.573,1.56703,1.56025,1.55271,1.54441,1.53539,1.52568,1.51531,1.50432,1.49273,1.48059,1.46794,1.45481,1.44124,1.42729,1.41298,1.39837,1.38349,1.36839,1.35311,1.3377,1.32219,1.30662,1.29105,1.27549,1.25999,1.24458,1.22929,1.21415,1.19918,1.18441,1.16985,1.15552,1.14143,1.12758,1.11396,1.10059,1.08744,1.07451,1.06177,1.0492,1.03677,1.02445,1.01221,1
1,1.01215,1.02433,1.03657,1.04891,1.06136,1.07396,1.08672,1.09967,1.11281,1.12615,1.13969,1.15345,1.1674,1.18154,1.19586,1.21035,1.22497,1.23972,1.25457,1.26948,1.28442,1.29937,1.31429,1.32914,1.34389,1.35849,1.37291,1.38712,1.40106,1.4147,1.42799,1.44091,1.45341,1.46545,1.477,1.48801,1.49846,1.50832,1.51754,1.52611,1.53398,1.54115,1.54758,1.55325,1.55815,1.56226,1.56556,1.56804,1.56971,1.57054,1.57054,1.56971,1.56804,1.56556,1.56226,1.55815,1.55325,1.54758,1.54115,1.53398,1.52611,1.51754,1.50832,1.49846,1.48801,1.477,1.46545,1.45341,1.44091,1.42799,1.4147,1.40106,1.38712,1.37291,1.35849,1.34389,1.32914,1.31429,1.29937,1.28442,1.26948,1.25457,1.23972,1.22497,1.21035,1.19586,1.18154,1.1674,1.15345,1.13969,1.12615,1.11281,1.09967,1.08672,1.07396,1.06136,1.04891,1.03657,1.02433,1.01215,1
1,1.01206,1.02414,1.03628,1.04849,1.06081,1.07325,1.08582,1.09856,1.11145,1.12452,1.13776,1.15117,1.16475,1.17849,1.19238,1.2064,1.22054,1.23478,1.24908,1.26343,1.2778,1.29215,1.30646,1.32069,1.33481,1.34878,1.36256,1.37613,1.38943,1.40244,1.41512,1.42743,1.43934,1.4508,1.46179,1.47227,1.48221,1.49158,1.50035,1.50849,1.51597,1.52278,1.52889,1.53428,1.53893,1.54283,1.54596,1.54832,1.5499,1.55069,1.55069,1.5499,1.54832,1.54596,1.54283,1.53893,1.53428,1.52889,1.52278,1.51597,1.50849,1.50035,1.49158,1.48221,1.47227,1.46179,1.4508,1.43934,1.42743,1.41512,1.40244,1.38943,1.37613,1.36256,1.34878,1.33481,1.32069,1.30646,1.29215,1.2778,1.26343,1.24908,1.23478,1.22054,1.2064,1.19238,1.17849,1.16475,1.15117,1.13776,1.12452,1.11145,1.09856,1.08582,1.07325,1.06081,1.04849,1.03628,1.02414,1.01206,1
1,1.01194,1.0239,1.0359,1.04798,1.06013,1.07239,1.08477,1.09728,1.10992,1.12271,1.13564,1.14872,1.16194,1.17529,1.18876,1.20234,1.21601,1.22976,1.24355,1.25737,1.27118,1.28497,1.29871,1.31235,1.32587,1.33925,1.35243,1.3654,1.3781,1.39052,1.40262,1.41436,1.42571,1.43663,1.44709,1.45707,1.46653,1.47545,1.48379,1.49153,1.49864,1.50511,1.51092,1.51604,1.52046,1.52416,1.52714,1.52938,1.53088,1.53163,1.53163,1.53088,1.52938,1.52714,1.52416,1.52046,1.51604,1.51092,1.50511,1.49864,1.49153,1.48379,1.47545,1.46653,1.45707,1.44709,1.43663,1.42571,1.41436,1.40262,1.39052,1.3781,1.3654,1.35243,1.33925,1.32587,1.31235,1.29871,1.28497,1.27118,1.25737,1.24355,1.22976,1.21601,1.20234,1.18876,1.17529,1.16194,1.14872,1.13564,1.12271,1.10992,1.09728,1.08477,1.07239,1.06013,1.04798,1.0359,1.0239,1.01194,1
1,1.0118,1.02361,1.03547,1.04737,1.05936,1.07142,1.08359,1.09586,1.10825,1.12076,1.13339,1.14614,1.159,1.17197,1.18504,1.19819,1.21141,1.22469,1.23799,1.2513,1.2646,1.27785,1.29104,1.30413,1.31709,1.3299,1.34252,1.35492,1.36707,1.37893,1.39048,1.40168,1.4125,1.42291,1.43289,1.44239,1.4514,1.45989,1.46782,1.47519,1.48196,1.48811,1.49363,1.4985,1.5027,1.50622,1.50905,1.51118,1.5126,1.51332,1.51332,1.5126,1.51118,1.50905,1.50622,1.5027,1.4985,1.49363,1.48811,1.48196,1.47519,1.46782,1.45989,1.4514,1.44239,1.43289,1.42291,1.4125,1.40168,1.39048,1.37893,1.36707,1.35492,1.34252,1.3299,1.31709,1.30413,1.29104,1.27785,1.2646,1.2513,1.23799,1.22469,1.21141,1.19819,1.18504,1.17197,1.159,1.14614,1.13339,1.12076,1.10825,1.09586,1.08359,1.07142,1.05936,1.04737,1.03547,1.02361,1.0118,1
1,1.01164,1.02329,1.03497,1.0467,1.05849,1.07035,1.0823,1.09433,1.10646,1.11869,1.13101,1.14344,1.15595,1.16855,1.18123,1.19397,1.20676,1.21959,1.23242,1.24525,1.25805,1.2708,1.28347,1.29604,1.30847,1.32074,1.33283,1.34469,1.35631,1.36765,1.37868,1.38937,1.3997,1.40964,1.41914,1.4282,1.43679,1.44487,1.45243,1.45944,1.46589,1.47174,1.47699,1.48163,1.48562,1.48897,1.49166,1.49369,1.49504,1.49572,1.49572,1.49504,1.49369,1.49166,1.48897,1.48562,1.48163,1.47699,1.47174,1.46589,1.45944,1.45243,1.44487,1.43679,1.4282,1.41914,1.40964,1.3997,1.38937,1.37868,1.36765,1.35631,1.34469,1.33283,1.32074,1.30847,1.29604,1.28347,1.2708,1.25805,1.24525,1.23242,1.21959,1.20676,1.19397,1.18123,1.16855,1.15595,1.14344,1.13101,1.11869,1.10646,1.09433,1.0823,1.07035,1.05849,1.0467,1.03497,1.02329,1.01164,1
1,1.01146,1.02293,1.03443,1.04597,1.05756,1.0692,1.08092,1.0927,1.10457,1.11651,1.12854,1.14064,1.15282,1.16506,1.17736,1.1897,1.20208,1.21447,1.22686,1.23923,1.25156,1.26383,1.27601,1.28808,1.30001,1.31178,1.32336,1.33472,1.34583,1.35668,1.36722,1.37744,1.3873,1.39678,1.40585,1.41449,1.42268,1.43038,1.43759,1.44427,1.4504,1.45598,1.46098,1.46539,1.46919,1.47238,1.47494,1.47687,1.47816,1.4788,1.4788,1.47816,1.47687,1.47494,1.47238,1.46919,1.46539,1.46098,1.45598,1.4504,1.44427,1.43759,1.43038,1.42268,1.41449,1.40585,1.39678,1.3873,1.37744,1.36722,1.35668,1.34583,1.33472,1.32336,1.31178,1.30001,1.28808,1.27601,1.26383,1.25156,1.23923,1.22686,1.21447,1.20208,1.1897,1.17736,1.16506,1.15282,1.14064,1.12854,1.11651,1.10457,1.0927,1.08092,1.0692,1.05756,1.04597,1.03443,1.02293,1.01146,1
1,1.01127,1.02255,1.03385,1.04519,1.05656,1.06798,1.07946,1.091,1.1026,1.11426,1.12599,1.13778,1.14962,1.16151,1.17344,1.1854,1.19738,1.20936,1.22132,1.23326,1.24514,1.25694,1.26866,1.28025,1.29171,1.303,1.3141,1.32498,1.33563,1.34601,1.35609,1.36586,1.37528,1.38433,1.393,1.40124,1.40905,1.4164,1.42326,1.42963,1.43548,1.44079,1.44556,1.44976,1.45338,1.45641,1.45885,1.46069,1.46192,1.46253,1.46253,1.46192,1.46069,1.45885,1.45641,1.45338,1.44976,1.44556,1.44079,1.43548,1.42963,1.42326,1.4164,1.40905,1.40124,1.393,1.38433,1.37528,1.36586,1.35609,1.34601,1.33563,1.32498,1.3141,1.303,1.29171,1.28025,1.26866,1.25694,1.24514,1.23326,1.22132,1.20936,1.19738,1.1854,1.17344,1.16151,1.14962,1.13778,1.12599,1.11426,1.1026,1.091,1.07946,1.06798,1.05656,1.04519,1.03385,1.02255,1.01127,1
1,1.01107,1.02215,1.03324,1.04436,1.05552,1.06671,1.07795,1.08923,1.10056,1.11195,1.12338,1.13485,1.14637,1.15792,1.1695,1.18109,1.19268,1.20426,1.21582,1.22733,1.23878,1.25015,1.26142,1.27257,1.28357,1.29441,1.30506,1.31549,1.32569,1.33563,1.34528,1.35462,1.36363,1.37228,1.38055,1.38843,1.39588,1.40289,1.40944,1.41552,1.42109,1.42616,1.4307,1.4347,1.43815,1.44104,1.44337,1.44512,1.44629,1.44687,1.44687,1.44629,1.44512,1.44337,1.44104,1.43815,1.4347,1.4307,1.42616,1.42109,1.41552,1.40944,1.40289,1.39588,1.38843,1.38055,1.37228,1.36363,1.35462,1.34528,1.33563,1.32569,1.31549,1.30506,1.29441,1.28357,1.27257,1.26142,1.25015,1.23878,1.22733,1.21582,1.20426,1.19268,1.18109,1.1695,1.15792,1.14637,1.13485,1.12338,1.11195,1.10056,1.08923,1.07795,1.06671,1.05552,1.04436,1.03324,1.02215,1.01107,1
1,1.01086,1.02173,1.03261,1.04351,1.05444,1.06539,1.07638,1.08741,1.09848,1.10958,1.12072,1.13189,1.14309,1.15431,1.16554,1.17677,1.18799,1.19919,1.21035,1.22147,1.23251,1.24346,1.25431,1.26503,1.27561,1.28601,1.29623,1.30624,1.31601,1.32553,1.33477,1.34371,1.35233,1.3606,1.36851,1.37603,1.38315,1.38985,1.3961,1.4019,1.40722,1.41205,1.41638,1.4202,1.42349,1.42624,1.42846,1.43013,1.43124,1.4318,1.4318,1.43124,1.43013,1.42846,1.42624,1.42349,1.4202,1.41638,1.41205,1.40722,1.4019,1.3961,1.38985,1.38315,1.37603,1.36851,1.3606,1.35233,1.34371,1.33477,1.32553,1.31601,1.30624,1.29623,1.28601,1.27561,1.26503,1.25431,1.24346,1.23251,1.22147,1.21035,1.19919,1.18799,1.17677,1.16554,1.15431,1.14309,1.13189,1.12072,1.10958,1.09848,1.08741,1.07638,1.06539,1.05444,1.04351,1.03261,1.02173,1.01086,1
1,1.01064,1.02129,1.03195,1.04263,1.05332,1.06404,1.07479,1.08556,1.09636,1.10718,1.11803,1.1289,1.13979,1.15068,1.16157,1.17246,1.18332,1.19416,1.20494,1.21567,1.22632,1.23688,1.24732,1.25764,1.26781,1.27781,1.28762,1.29722,1.30659,1.31572,1.32457,1.33313,1.34137,1.34929,1.35685,1.36404,1.37085,1.37724,1.38322,1.38875,1.39383,1.39844,1.40257,1.40621,1.40935,1.41198,1.4141,1.41569,1.41675,1.41728,1.41728,1.41675,1.41569,1.4141,1.41198,1.40935,1.40621,1.40257,1.39844,1.39383,1.38875,1.38322,1.37724,1.37085,1.36404,1.35685,1.34929,1.34137,1.33313,1.32457,1.31572,1.30659,1.29722,1.28762,1.27781,1.26781,1.25764,1.24732,1.23688,1.22632,1.21567,1.20494,1.19416,1.18332,1.17246,1.16157,1.15068,1.13979,1.1289,1.11803,1.10718,1.09636,1.08556,1.07479,1.06404,1.05332,1.04263,1.03195,1.02129,1.01064,1
1,1.01042,1.02085,1.03128,1.04173,1.05219,1.06267,1.07316,1.08368,1.09421,1.10476,1.11532,1.1259,1.13648,1.14705,1.15762,1.16817,1.17869,1.18917,1.19959,1.20995,1.22022,1.2304,1.24046,1.25039,1.26017,1.26979,1.27921,1.28843,1.29742,1.30617,1.31466,1.32286,1.33075,1.33833,1.34557,1.35244,1.35895,1.36506,1.37077,1.37606,1.38091,1.38531,1.38926,1.39274,1.39573,1.39824,1.40026,1.40178,1.40279,1.4033,1.4033,1.40279,1.40178,1.40026,1.39824,1.39573,1.39274,1.38926,1.38531,1.38091,1.37606,1.37077,1.36506,1.35895,1.35244,1.34557,1.33833,1.33075,1.32286,1.31466,1.30617,1.29742,1.28843,1.27921,1.26979,1.26017,1.25039,1.24046,1.2304,1.22022,1.20995,1.19959,1.18917,1.17869,1.16817,1.15762,1.14705,1.13648,1.1259,1.11532,1.10476,1.09421,1.08368,1.07316,1.06267,1.05219,1.04173,1.03128,1.02085,1.01042,1
1,1.0102,1.0204,1.0306,1.04081,1.05104,1.06127,1.07152,1.08177,1.09204,1.10232,1.1126,1.12289,1.13317,1.14344,1.15369,1.16391,1.17409,1.18423,1.19431,1.20431,1.21423,1.22404,1.23374,1.2433,1.25271,1.26195,1.27101,1.27987,1.2885,1.29689,1.30503,1.31289,1.32045,1.32771,1.33464,1.34122,1.34744,1.35329,1.35875,1.3638,1.36844,1.37265,1.37642,1.37974,1.3826,1.38499,1.38692,1.38837,1.38933,1.38982,1.38982,1.38933,1.38837,1.38692,1.38499,1.3826,1.37974,1.37642,1.37265,1.36844,1.3638,1.35875,1.35329,1.34744,1.34122,1.33464,1.32771,1.32045,1.31289,1.30503,1.29689,1.2885,1.27987,1.27101,1.26195,1.25271,1.2433,1.23374,1.22404,1.21423,1.20431,1.19431,1.18423,1.17409,1.16391,1.15369,1.14344,1.13317,1.12289,1.1126,1.10232,1.09204,1.08177,1.07152,1.06127,1.05104,1.04081,1.0306,1.0204,1.0102,1
1,1.00997,1.01994,1.02991,1.03989,1.04987,1.05986,1.06986,1.07986,1.08987,1.09988,1.10988,1.11988,1.12987,1.13984,1.14978,1.15969,1.16955,1.17936,1.1891,1.19876,1.20833,1.2178,1.22715,1.23636,1.24542,1.25431,1.26301,1.27152,1.27981,1.28787,1.29567,1.30321,1.31046,1.31742,1.32405,1.33035,1.33631,1.34191,1.34713,1.35196,1.35639,1.36042,1.36402,1.36719,1.36993,1.37222,1.37406,1.37544,1.37636,1.37683,1.37683,1.37636,1.37544,1.37406,1.37222,1.36993,1.36719,1.36402,1.36042,1.35639,1.35196,1.34713,1.34191,1.33631,1.33035,1.32405,1.31742,1.31046,1.30321,1.29567,1.28787,1.27981,1.27152,1.26301,1.25431,1.24542,1.23636,1.22715,1.2178,1.20833,1.19876,1.1891,1.17936,1.16955,1.15969,1.14978,1.13984,1.12987,1.11988,1.10988,1.09988,1.08987,1.07986,1.06986,1.05986,1.04987,1.03989,1.02991,1.01994,1.00997,1
1,1.00974,1.01948,1.02922,1.03896,1.0487,1.05845,1.0682,1.07795,1.08769,1.09744,1.10717,1.11689,1.12659,1.13626,1.14591,1.15551,1.16506,1.17455,1.18397,1.19331,1.20255,1.21168,1.22069,1.22956,1.23829,1.24684,1.25522,1.2634,1.27136,1.2791,1.28659,1.29382,1.30077,1.30744,1.3138,1.31984,1.32554,1.3309,1.33589,1.34052,1.34476,1.34861,1.35205,1.35509,1.3577,1.35989,1.36165,1.36297,1.36386,1.3643,1.3643,1.36386,1.36297,1.36165,1.35989,1.3577,1.35509,1.35205,1.34861,1.34476,1.34052,1.33589,1.3309,1.32554,1.31984,1.3138,1.30744,1.30077,1.29382,1.28659,1.2791,1.27136,1.2634,1.25522,1.24684,1.23829,1.22956,1.22069,1.21168,1.20255,1.19331,1.18397,1.17455,1.16506,1.15551,1.14591,1.13626,1.12659,1.11689,1.10717,1.09744,1.08769,1.07795,1.0682,1.05845,1.0487,1.03896,1.02922,1.01948,1.00974,1
1,1.00951,1.01901,1.02852,1.03802,1.04753,1.05703,1.06654,1.07603,1.08552,1.095,1.10447,1.11391,1.12333,1.13272,1.14207,1.15138,1.16063,1.16981,1.17892,1.18794,1.19687,1.20568,1.21437,1.22292,1.23132,1.23956,1.24762,1.25548,1.26314,1.27057,1.27776,1.2847,1.29138,1.29777,1.30386,1.30965,1.31512,1.32025,1.32503,1.32946,1.33352,1.3372,1.3405,1.3434,1.3459,1.348,1.34968,1.35094,1.35179,1.35221,1.35221,1.35179,1.35094,1.34968,1.348,1.3459,1.3434,1.3405,1.3372,1.33352,1.32946,1.32503,1.32025,1.31512,1.30965,1.30386,1.29777,1.29138,1.2847,1.27776,1.27057,1.26314,1.25548,1.24762,1.23956,1.23132,1.22292,1.21437,1.20568,1.19687,1.18794,1.17892,1.16981,1.16063,1.15138,1.14207,1.13272,1.12333,1.11391,1.10447,1.095,1.08552,1.07603,1.06654,1.05703,1.04753,1.03802,1.02852,1.01901,1.00951,1
1,1.00927,1.01855,1.02782,1.03709,1.04636,1.05562,1.06488,1.07413,1.08336,1.09258,1.10179,1.11096,1.12011,1.12922,1.13829,1.14731,1.15626,1.16515,1.17396,1.18268,1.1913,1.1998,1.20819,1.21643,1.22453,1.23246,1.24021,1.24778,1.25514,1.26228,1.26919,1.27586,1.28226,1.28839,1.29424,1.29979,1.30503,1.30995,1.31453,1.31877,1.32266,1.32618,1.32934,1.33212,1.33451,1.33651,1.33812,1.33933,1.34014,1.34055,1.34055,1.34014,1.33933,1.33812,1.33651,1.33451,1.33212,1.32934,1.32618,1.32266,1.31877,1.31453,1.30995,1.30503,1.29979,1.29424,1.28839,1.28226,1.27586,1.26919,1.26228,1.25514,1.24778,1.24021,1.23246,1.22453,1.21643,1.20819,1.1998,1.1913,1.18268,1.17396,1.16515,1.15626,1.14731,1.13829,1.12922,1.12011,1.11096,1.10179,1.09258,1.08336,1.07413,1.06488,1.05562,1.04636,1.03709,1.02782,1.01855,1.00927,1
1,1.00904,1.01809,1.02713,1.03616,1.04519,1.05422,1.06323,1.07223,1.08122,1.09019,1.09913,1.10804,1.11692,1.12576,1.13456,1.14329,1.15197,1.16057,1.16909,1.17752,1.18584,1.19405,1.20214,1.21009,1.21789,1.22553,1.233,1.24028,1.24736,1.25423,1.26087,1.26727,1.27342,1.2793,1.28491,1.29024,1.29526,1.29998,1.30437,1.30843,1.31216,1.31554,1.31856,1.32122,1.32351,1.32543,1.32697,1.32813,1.3289,1.32929,1.32929,1.3289,1.32813,1.32697,1.32543,1.32351,1.32122,1.31856,1.31554,1.31216,1.30843,1.30437,1.29998,1.29526,1.29024,1.28491,1.2793,1.27342,1.26727,1.26087,1.25423,1.24736,1.24028,1.233,1.22553,1.21789,1.21009,1.20214,1.19405,1.18584,1.17752,1.16909,1.16057,1.15197,1.14329,1.13456,1.12576,1.11692,1.10804,1.09913,1.09019,1.08122,1.07223,1.06323,1.05422,1.04519,1.03616,1.02713,1.01809,1.00904,1
1,1.00881,1.01763,1.02643,1.03524,1.04403,1.05282,1.06159,1.07035,1.07909,1.08781,1.0965,1.10516,1.11378,1.12235,1.13088,1.13934,1.14774,1.15607,1.16431,1.17245,1.1805,1.18843,1.19623,1.2039,1.21142,1.21878,1.22597,1.23298,1.23979,1.24639,1.25278,1.25893,1.26484,1.27049,1.27588,1.28098,1.2858,1.29033,1.29454,1.29843,1.30201,1.30524,1.30814,1.31069,1.31288,1.31472,1.31619,1.3173,1.31804,1.31841,1.31841,1.31804,1.3173,1.31619,1.31472,1.31288,1.31069,1.30814,1.30524,1.30201,1.29843,1.29454,1.29033,1.2858,1.28098,1.27588,1.27049,1.26484,1.25893,1.25278,1.24639,1.23979,1.23298,1.22597,1.21878,1.21142,1.2039,1.19623,1.18843,1.1805,1.17245,1.16431,1.15607,1.14774,1.13934,1.13088,1.12235,1.11378,1.10516,1.0965,1.08781,1.07909,1.07035,1.06159,1.05282,1.04403,1.03524,1.02643,1.01763,1.00881,1
1,1.00859,1.01717,1.02575,1.03432,1.04288,1.05144,1.05997,1.06849,1.07699,1.08546,1.0939,1.10231,1.11068,1.11899,1.12726,1.13546,1.14359,1.15165,1.15962,1.1675,1.17527,1.18293,1.19046,1.19786,1.20511,1.2122,1.21913,1.22588,1.23243,1.23878,1.24492,1.25084,1.25651,1.26194,1.26712,1.27202,1.27665,1.28098,1.28503,1.28876,1.29219,1.29529,1.29806,1.30051,1.30261,1.30437,1.30578,1.30685,1.30756,1.30791,1.30791,1.30756,1.30685,1.30578,1.30437,1.30261,1.30051,1.29806,1.29529,1.29219,1.28876,1.28503,1.28098,1.27665,1.27202,1.26712,1.26194,1.25651,1.25084,1.24492,1.23878,1.23243,1.22588,1.21913,1.2122,1.20511,1.19786,1.19046,1.18293,1.17527,1.1675,1.15962,1.15165,1.14359,1.13546,1.12726,1.11899,1.11068,1.10231,1.0939,1.08546,1.07699,1.06849,1.05997,1.05144,1.04288,1.03432,1.02575,1.01717,1.00859,1
1,1.00836,1.01672,1.02507,1.03341,1.04175,1.05007,1.05837,1.06665,1.07491,1.08315,1.09134,1.0995,1.10762,1.11569,1.1237,1.13164,1.13952,1.14732,1.15503,1.16264,1.17015,1.17755,1.18482,1.19196,1.19895,1.20579,1.21246,1.21896,1.22527,1.23139,1.23729,1.24298,1.24844,1.25365,1.25862,1.26333,1.26777,1.27194,1.27582,1.2794,1.28269,1.28566,1.28833,1.29067,1.29268,1.29437,1.29573,1.29674,1.29742,1.29777,1.29777,1.29742,1.29674,1.29573,1.29437,1.29268,1.29067,1.28833,1.28566,1.28269,1.2794,1.27582,1.27194,1.26777,1.26333,1.25862,1.25365,1.24844,1.24298,1.23729,1.23139,1.22527,1.21896,1.21246,1.20579,1.19895,1.19196,1.18482,1.17755,1.17015,1.16264,1.15503,1.14732,1.13952,1.13164,1.1237,1.11569,1.10762,1.0995,1.09134,1.08315,1.07491,1.06665,1.05837,1.05007,1.04175,1.03341,1.02507,1.01672,1.00836,1
1,1.00814,1.01627,1.0244,1.03251,1.04062,1.04871,1.05679,1.06484,1.07287,1.08086,1.08882,1.09674,1.10462,1.11244,1.1202,1.1279,1.13553,1.14307,1.15053,1.15789,1.16515,1.1723,1.17932,1.1862,1.19295,1.19954,1.20598,1.21224,1.21831,1.2242,1.22988,1.23535,1.2406,1.24561,1.25039,1.25491,1.25918,1.26318,1.2669,1.27034,1.2735,1.27635,1.27891,1.28115,1.28309,1.28471,1.286,1.28698,1.28763,1.28796,1.28796,1.28763,1.28698,1.286,1.28471,1.28309,1.28115,1.27891,1.27635,1.2735,1.27034,1.2669,1.26318,1.25918,1.25491,1.25039,1.24561,1.2406,1.23535,1.22988,1.2242,1.21831,1.21224,1.20598,1.19954,1.19295,1.1862,1.17932,1.1723,1.16515,1.15789,1.15053,1.14307,1.13553,1.1279,1.1202,1.11244,1.10462,1.09674,1.08882,1.08086,1.07287,1.06484,1.05679,1.04871,1.04062,1.03251,1.0244,1.01627,1.00814,1
1,1.00791,1.01583,1.02373,1.03163,1.03951,1.04738,1.05523,1.06305,1.07085,1.07861,1.08634,1.09403,1.10166,1.10925,1.11677,1.12423,1.13161,1.13892,1.14613,1.15325,1.16026,1.16717,1.17395,1.18059,1.1871,1.19346,1.19966,1.20569,1.21155,1.21721,1.22268,1.22794,1.23299,1.23782,1.24241,1.24676,1.25085,1.2547,1.25827,1.26158,1.2646,1.26734,1.26979,1.27195,1.27381,1.27536,1.2766,1.27754,1.27817,1.27848,1.27848,1.27817,1.27754,1.2766,1.27536,1.27381,1.27195,1.26979,1.26734,1.2646,1.26158,1.25827,1.2547,1.25085,1.24676,1.24241,1.23782,1.23299,1.22794,1.22268,1.21721,1.21155,1.20569,1.19966,1.19346,1.1871,1.18059,1.17395,1.16717,1.16026,1.15325,1.14613,1.13892,1.13161,1.12423,1.11677,1.10925,1.10166,1.09403,1.08634,1.07861,1.07085,1.06305,1.05523,1.04738,1.03951,1.03163,1.02373,1.01583,1.00791,1
1,1.0077,1.01539,1.02308,1.03075,1.03842,1.04606,1.05369,1.06129,1.06886,1.0764,1.0839,1.09136,1.09876,1.10612,1.11341,1.12063,1.12778,1.13485,1.14183,1.14871,1.15549,1.16216,1.1687,1.17512,1.1814,1.18754,1.19351,1.19933,1.20497,1.21042,1.21569,1.22075,1.22561,1.23025,1.23466,1.23885,1.24278,1.24648,1.24991,1.25309,1.25599,1.25862,1.26098,1.26305,1.26483,1.26632,1.26751,1.26841,1.26901,1.26931,1.26931,1.26901,1.26841,1.26751,1.26632,1.26483,1.26305,1.26098,1.25862,1.25599,1.25309,1.24991,1.24648,1.24278,1.23885,1.23466,1.23025,1.22561,1.22075,1.21569,1.21042,1.20497,1.19933,1.19351,1.18754,1.1814,1.17512,1.1687,1.16216,1.15549,1.14871,1.14183,1.13485,1.12778,1.12063,1.11341,1.10612,1.09876,1.09136,1.0839,1.0764,1.06886,1.06129,1.05369,1.04606,1.03842,1.03075,1.02308,1.01539,1.0077,1
1,1.00748,1.01496,1.02243,1.02989,1.03734,1.04477,1.05218,1.05956,1.06691,1.07423,1.0815,1.08874,1.09592,1.10304,1.11011,1.11711,1.12403,1.13087,1.13762,1.14428,1.15083,1.15727,1.16359,1.16979,1.17585,1.18177,1.18753,1.19313,1.19857,1.20382,1.2089,1.21377,1.21845,1.22291,1.22716,1.23118,1.23496,1.23851,1.24181,1.24486,1.24766,1.25018,1.25244,1.25443,1.25614,1.25757,1.25872,1.25958,1.26016,1.26045,1.26045,1.26016,1.25958,1.25872,1.25757,1.25614,1.25443,1.25244,1.25018,1.24766,1.24486,1.24181,1.23851,1.23496,1.23118,1.22716,1.22291,1.21845,1.21377,1.2089,1.20382,1.19857,1.19313,1.18753,1.18177,1.17585,1.16979,1.16359,1.15727,1.15083,1.14428,1.13762,1.13087,1.12403,1.11711,1.11011,1.10304,1.09592,1.08874,1.0815,1.07423,1.06691,1.05956,1.05218,1.04477,1.03734,1.02989,1.02243,1.01496,1.00748,1
1,1.00727,1.01454,1.0218,1.02905,1.03628,1.0435,1.05069,1.05786,1.06499,1.07209,1.07915,1.08617,1.09313,1.10004,1.10688,1.11366,1.12036,1.12698,1.13351,1.13994,1.14628,1.1525,1.15861,1.16459,1.17044,1.17615,1.18171,1.18711,1.19235,1.19741,1.2023,1.20699,1.21149,1.21579,1.21987,1.22374,1.22738,1.23079,1.23397,1.2369,1.23958,1.24201,1.24418,1.24609,1.24773,1.24911,1.25021,1.25104,1.25159,1.25187,1.25187,1.25159,1.25104,1.25021,1.24911,1.24773,1.24609,1.24418,1.24201,1.23958,1.2369,1.23397,1.23079,1.22738,1.22374,1.21987,1.21579,1.21149,1.20699,1.2023,1.19741,1.19235,1.18711,1.18171,1.17615,1.17044,1.16459,1.15861,1.1525,1.14628,1.13994,1.13351,1.12698,1.12036,1.11366,1.10688,1.10004,1.09313,1.08617,1.07915,1.07209,1.06499,1.05786,1.05069,1.0435,1.03628,1.02905,1.0218,1.01454,1.00727,1
1,1.00706,1.01412,1.02118,1.02822,1.03524,1.04225,1.04923,1.05619,1.06311,1.07,1.07685,1.08365,1.0904,1.09709,1.10372,1.11028,1.11677,1.12317,1.12949,1.13571,1.14184,1.14785,1.15375,1.15953,1.16517,1.17068,1.17604,1.18125,1.1863,1.19118,1.19589,1.20041,1.20474,1.20888,1.21281,1.21653,1.22003,1.22331,1.22637,1.22918,1.23176,1.2341,1.23618,1.23802,1.2396,1.24092,1.24198,1.24277,1.2433,1.24357,1.24357,1.2433,1.24277,1.24198,1.24092,1.2396,1.23802,1.23618,1.2341,1.23176,1.22918,1.22637,1.22331,1.22003,1.21653,1.21281,1.20888,1.20474,1.20041,1.19589,1.19118,1.1863,1.18125,1.17604,1.17068,1.16517,1.15953,1.15375,1.14785,1.14184,1.13571,1.12949,1.12317,1.11677,1.11028,1.10372,1.09709,1.0904,1.08365,1.07685,1.07,1.06311,1.05619,1.04923,1.04225,1.03524,1.02822,1.02118,1.01412,1.00706,1
1,1.00686,1.01372,1.02056,1.0274,1.03422,1.04102,1.0478,1.05455,1.06127,1.06795,1.07459,1.08118,1.08772,1.09421,1.10063,1.10698,1.11326,1.11946,1.12557,1.13159,1.1375,1.14332,1.14901,1.15459,1.16004,1.16536,1.17053,1.17555,1.18042,1.18513,1.18966,1.19402,1.19819,1.20217,1.20595,1.20954,1.21291,1.21606,1.219,1.22171,1.22419,1.22643,1.22844,1.2302,1.23172,1.23299,1.234,1.23477,1.23528,1.23554,1.23554,1.23528,1.23477,1.234,1.23299,1.23172,1.2302,1.22844,1.22643,1.22419,1.22171,1.219,1.21606,1.21291,1.20954,1.20595,1.20217,1.19819,1.19402,1.18966,1.18513,1.18042,1.17555,1.17053,1.16536,1.16004,1.15459,1.14901,1.14332,1.1375,1.13159,1.12557,1.11946,1.11326,1.10698,1.10063,1.09421,1.08772,1.08118,1.07459,1.06795,1.06127,1.05455,1.0478,1.04102,1.03422,1.0274,1.02056,1.01372,1.00686,1
1,1.00666,1.01331,1.01996,1.0266,1.03322,1.03982,1.0464,1.05294,1.05946,1.06594,1.07238,1.07877,1.0851,1.09138,1.0976,1.10375,1.10983,1.11583,1.12174,1.12756,1.13328,1.13889,1.1444,1.14978,1.15504,1.16017,1.16517,1.17001,1.1747,1.17924,1.18361,1.18781,1.19183,1.19566,1.1993,1.20275,1.20599,1.20903,1.21186,1.21446,1.21685,1.21901,1.22093,1.22263,1.22409,1.22531,1.22628,1.22702,1.22751,1.22776,1.22776,1.22751,1.22702,1.22628,1.22531,1.22409,1.22263,1.22093,1.21901,1.21685,1.21446,1.21186,1.20903,1.20599,1.20275,1.1993,1.19566,1.19183,1.18781,1.18361,1.17924,1.1747,1.17001,1.16517,1.16017,1.15504,1.14978,1.1444,1.13889,1.13328,1.12756,1.12174,1.11583,1.10983,1.10375,1.0976,1.09138,1.0851,1.07877,1.07238,1.06594,1.05946,1.05294,1.0464,1.03982,1.03322,1.0266,1.01996,1.01331,1.00666,1
1,1.00646,1.01292,1.01937,1.02581,1.03224,1.03864,1.04502,1.05137,1.05769,1.06397,1.07021,1.0764,1.08254,1.08863,1.09465,1.1006,1.10648,1.11228,1.118,1.12363,1.12916,1.13458,1.1399,1.1451,1.15018,1.15513,1.15995,1.16462,1.16915,1.17352,1.17773,1.18178,1.18565,1.18934,1.19285,1.19617,1.19929,1.20221,1.20493,1.20744,1.20973,1.21181,1.21366,1.21529,1.2167,1.21787,1.21881,1.21952,1.21999,1.22022,1.22022,1.21999,1.21952,1.21881,1.21787,1.2167,1.21529,1.21366,1.21181,1.20973,1.20744,1.20493,1.20221,1.19929,1.19617,1.19285,1.18934,1.18565,1.18178,1.17773,1.17352,1.16915,1.16462,1.15995,1.15513,1.15018,1.1451,1.1399,1.13458,1.12916,1.12363,1.118,1.11228,1.10648,1.1006,1.09465,1.08863,1.08254,1.0764,1.07021,1.06397,1.05769,1.05137,1.04502,1.03864,1.03224,1.02581,1.01937,1.01292,1.00646,1
1,1.00627,1.01254,1.0188,1.02504,1.03127,1.03749,1.04367,1.04983,1.05596,1.06204,1.06809,1.07409,1.08004,1.08593,1.09176,1.09752,1.10321,1.10883,1.11435,1.11979,1.12514,1.13038,1.13552,1.14054,1.14545,1.15022,1.15487,1.15938,1.16374,1.16796,1.17202,1.17592,1.17965,1.18321,1.18658,1.18978,1.19279,1.1956,1.19822,1.20063,1.20284,1.20483,1.20662,1.20819,1.20953,1.21066,1.21157,1.21225,1.2127,1.21293,1.21293,1.2127,1.21225,1.21157,1.21066,1.20953,1.20819,1.20662,1.20483,1.20284,1.20063,1.19822,1.1956,1.19279,1.18978,1.18658,1.18321,1.17965,1.17592,1.17202,1.16796,1.16374,1.15938,1.15487,1.15022,1.14545,1.14054,1.13552,1.13038,1.12514,1.11979,1.11435,1.10883,1.10321,1.09752,1.09176,1.08593,1.08004,1.07409,1.06809,1.06204,1.05596,1.04983,1.04367,1.03749,1.03127,1.02504,1.0188,1.01254,1.00627,1
1,1.00608,1.01216,1.01823,1.02429,1.03033,1.03636,1.04235,1.04832,1.05426,1.06016,1.06602,1.07183,1.07759,1.0833,1.08894,1.09452,1.10002,1.10545,1.1108,1.11606,1.12122,1.12629,1.13125,1.1361,1.14083,1.14545,1.14993,1.15428,1.15849,1.16256,1.16647,1.17023,1.17382,1.17725,1.1805,1.18358,1.18648,1.18919,1.1917,1.19403,1.19615,1.19807,1.19979,1.2013,1.20259,1.20368,1.20455,1.2052,1.20564,1.20586,1.20586,1.20564,1.2052,1.20455,1.20368,1.20259,1.2013,1.19979,1.19807,1.19615,1.19403,1.1917,1.18919,1.18648,1.18358,1.1805,1.17725,1.17382,1.17023,1.16647,1.16256,1.15849,1.15428,1.14993,1.14545,1.14083,1.1361,1.13125,1.12629,1.12122,1.11606,1.1108,1.10545,1.10002,1.09452,1.08894,1.0833,1.07759,1.07183,1.06602,1.06016,1.05426,1.04832,1.04235,1.03636,1.03033,1.02429,1.01823,1.01216,1.00608,1
1,1.0059,1.01179,1.01768,1.02355,1.02941,1.03525,1.04106,1.04685,1.0526,1.05832,1.06399,1.06962,1.0752,1.08072,1.08618,1.09158,1.09691,1.10216,1.10733,1.11241,1.1174,1.1223,1.12709,1.13178,1.13635,1.1408,1.14513,1.14932,1.15338,1.1573,1.16108,1.1647,1.16816,1.17147,1.1746,1.17757,1.18035,1.18296,1.18539,1.18762,1.18967,1.19152,1.19317,1.19462,1.19587,1.19691,1.19775,1.19838,1.1988,1.19901,1.19901,1.1988,1.19838,1.19775,1.19691,1.19587,1.19462,1.19317,1.19152,1.18967,1.18762,1.18539,1.18296,1.18035,1.17757,1.1746,1.17147,1.16816,1.1647,1.16108,1.1573,1.15338,1.14932,1.14513,1.1408,1.13635,1.13178,1.12709,1.1223,1.1174,1.11241,1.10733,1.10216,1.09691,1.09158,1.08618,1.08072,1.0752,1.06962,1.06399,1.05832,1.0526,1.04685,1.04106,1.03525,1.02941,1.02355,1.01768,1.01179,1.0059,1
1,1.00572,1.01143,1.01714,1.02283,1.02851,1.03417,1.0398,1.04541,1.05098,1.05652,1.06201,1.06746,1.07286,1.07821,1.08349,1.08872,1.09387,1.09894,1.10394,1.10886,1.11368,1.11841,1.12304,1.12757,1.13198,1.13628,1.14045,1.1445,1.14842,1.1522,1.15584,1.15933,1.16267,1.16585,1.16887,1.17172,1.17441,1.17692,1.17926,1.18141,1.18338,1.18516,1.18675,1.18814,1.18934,1.19035,1.19115,1.19176,1.19216,1.19236,1.19236,1.19216,1.19176,1.19115,1.19035,1.18934,1.18814,1.18675,1.18516,1.18338,1.18141,1.17926,1.17692,1.17441,1.17172,1.16887,1.16585,1.16267,1.15933,1.15584,1.1522,1.14842,1.1445,1.14045,1.13628,1.13198,1.12757,1.12304,1.11841,1.11368,1.10886,1.10394,1.09894,1.09387,1.08872,1.08349,1.07821,1.07286,1.06746,1.06201,1.05652,1.05098,1.04541,1.0398,1.03417,1.02851,1.02283,1.01714,1.01143,1.00572,1
1,1.00554,1.01108,1.01661,1.02213,1.02763,1.03311,1.03857,1.044,1.0494,1.05476,1.06008,1.06535,1.07058,1.07575,1.08087,1.08592,1.0909,1.09581,1.10064,1.10539,1.11006,1.11463,1.1191,1.12347,1.12773,1.13187,1.1359,1.13981,1.14359,1.14723,1.15074,1.15411,1.15733,1.16039,1.1633,1.16605,1.16864,1.17106,1.17331,1.17538,1.17727,1.17899,1.18052,1.18186,1.18302,1.18398,1.18476,1.18534,1.18573,1.18592,1.18592,1.18573,1.18534,1.18476,1.18398,1.18302,1.18186,1.18052,1.17899,1.17727,1.17538,1.17331,1.17106,1.16864,1.16605,1.1633,1.16039,1.15733,1.15411,1.15074,1.14723,1.14359,1.13981,1.1359,1.13187,1.12773,1.12347,1.1191,1.11463,1.11006,1.10539,1.10064,1.09581,1.0909,1.08592,1.08087,1.07575,1.07058,1.06535,1.06008,1.05476,1.0494,1.044,1.03857,1.03311,1.02763,1.02213,1.01661,1.01108,1.00554,1
1,1.00537,1.01073,1.01609,1.02144,1.02676,1.03207,1.03736,1.04262,1.04785,1.05304,1.05819,1.0633,1.06835,1.07336,1.07831,1.08319,1.08801,1.09276,1.09743,1.10202,1.10652,1.11094,1.11525,1.11947,1.12359,1.12759,1.13148,1.13525,1.13889,1.14241,1.14579,1.14904,1.15214,1.15509,1.1579,1.16055,1.16304,1.16537,1.16753,1.16953,1.17135,1.173,1.17448,1.17577,1.17688,1.17781,1.17856,1.17912,1.17949,1.17968,1.17968,1.17949,1.17912,1.17856,1.17781,1.17688,1.17577,1.17448,1.173,1.17135,1.16953,1.16753,1.16537,1.16304,1.16055,1.1579,1.15509,1.15214,1.14904,1.14579,1.14241,1.13889,1.13525,1.13148,1.12759,1.12359,1.11947,1.11525,1.11094,1.10652,1.10202,1.09743,1.09276,1.08801,1.08319,1.07831,1.07336,1.06835,1.0633,1.05819,1.05304,1.04785,1.04262,1.03736,1.03207,1.02676,1.02144,1.01609,1.01073,1.00537,1
1,1.0052,1.0104,1.01558,1.02076,1.02592,1.03106,1.03618,1.04127,1.04633,1.05136,1.05634,1.06129,1.06618,1.07102,1.07581,1.08053,1.08519,1.08978,1.09429,1.09873,1.10308,1.10734,1.11151,1.11559,1.11956,1.12342,1.12717,1.13081,1.13432,1.13772,1.14098,1.1441,1.1471,1.14994,1.15265,1.1552,1.1576,1.15984,1.16193,1.16385,1.16561,1.1672,1.16861,1.16986,1.17093,1.17183,1.17254,1.17308,1.17344,1.17362,1.17362,1.17344,1.17308,1.17254,1.17183,1.17093,1.16986,1.16861,1.1672,1.16561,1.16385,1.16193,1.15984,1.1576,1.1552,1.15265,1.14994,1.1471,1.1441,1.14098,1.13772,1.13432,1.13081,1.12717,1.12342,1.11956,1.11559,1.11151,1.10734,1.10308,1.09873,1.09429,1.08978,1.08519,1.08053,1.07581,1.07102,1.06618,1.06129,1.05634,1.05136,1.04633,1.04127,1.03618,1.03106,1.02592,1.02076,1.01558,1.0104,1.0052,1
1,1.00503,1.01007,1.01509,1.0201,1.0251,1.03008,1.03503,1.03996,1.04486,1.04972,1.05454,1.05932,1.06406,1.06874,1.07337,1.07794,1.08244,1.08687,1.09124,1.09552,1.09972,1.10384,1.10787,1.1118,1.11563,1.11936,1.12298,1.12649,1.12988,1.13315,1.1363,1.13931,1.14219,1.14494,1.14754,1.15,1.15232,1.15448,1.15649,1.15834,1.16003,1.16156,1.16292,1.16412,1.16515,1.16602,1.16671,1.16723,1.16757,1.16774,1.16774,1.16757,1.16723,1.16671,1.16602,1.16515,1.16412,1.16292,1.16156,1.16003,1.15834,1.15649,1.15448,1.15232,1.15,1.14754,1.14494,1.14219,1.13931,1.1363,1.13315,1.12988,1.12649,1.12298,1.11936,1.11563,1.1118,1.10787,1.10384,1.09972,1.09552,1.09124,1.08687,1.08244,1.07794,1.07337,1.06874,1.06406,1.05932,1.05454,1.04972,1.04486,1.03996,1.03503,1.03008,1.0251,1.0201,1.01509,1.01007,1.00503,1
1,1.00487,1.00974,1.01461,1.01946,1.02429,1.02911,1.03391,1.03868,1.04341,1.04812,1.05278,1.05741,1.06199,1.06651,1.07099,1.0754,1.07976,1.08404,1.08826,1.0924,1.09646,1.10043,1.10432,1.10812,1.11181,1.11541,1.11891,1.12229,1.12556,1.12871,1.13175,1.13465,1.13743,1.14008,1.14259,1.14496,1.14719,1.14927,1.1512,1.15298,1.15461,1.15608,1.1574,1.15855,1.15955,1.16038,1.16104,1.16154,1.16187,1.16204,1.16204,1.16187,1.16154,1.16104,1.16038,1.15955,1.15855,1.1574,1.15608,1.15461,1.15298,1.1512,1.14927,1.14719,1.14496,1.14259,1.14008,1.13743,1.13465,1.13175,1.12871,1.12556,1.12229,1.11891,1.11541,1.11181,1.10812,1.10432,1.10043,1.09646,1.0924,1.08826,1.08404,1.07976,1.0754,1.07099,1.06651,1.06199,1.05741,1.05278,1.04812,1.04341,1.03868,1.03391,1.02911,1.02429,1.01946,1.01461,1.00974,1.00487,1
1,1.00472,1.00943,1.01413,1.01883,1.02351,1.02817,1.03281,1.03742,1.04201,1.04656,1.05107,1.05554,1.05997,1.06434,1.06867,1.07293,1.07714,1.08128,1.08535,1.08935,1.09327,1.09711,1.10086,1.10453,1.1081,1.11157,1.11494,1.1182,1.12136,1.1244,1.12732,1.13012,1.1328,1.13535,1.13777,1.14005,1.1422,1.1442,1.14607,1.14778,1.14935,1.15077,1.15204,1.15315,1.1541,1.1549,1.15554,1.15602,1.15634,1.1565,1.1565,1.15634,1.15602,1.15554,1.1549,1.1541,1.15315,1.15204,1.15077,1.14935,1.14778,1.14607,1.1442,1.1422,1.14005,1.13777,1.13535,1.1328,1.13012,1.12732,1.1244,1.12136,1.1182,1.11494,1.11157,1.1081,1.10453,1.10086,1.09711,1.09327,1.08935,1.08535,1.08128,1.07714,1.07293,1.06867,1.06434,1.05997,1.05554,1.05107,1.04656,1.04201,1.03742,1.03281,1.02817,1.02351,1.01883,1.01413,1.00943,1.00472,1
1,1.00456,1.00912,1.01367,1.01821,1.02274,1.02725,1.03174,1.0362,1.04063,1.04503,1.04939,1.05372,1.05799,1.06223,1.0664,1.07053,1.07459,1.07859,1.08252,1.08638,1.09017,1.09387,1.0975,1.10103,1.10448,1.10783,1.11108,1.11422,1.11727,1.1202,1.12302,1.12572,1.1283,1.13075,1.13309,1.13529,1.13735,1.13928,1.14108,1.14273,1.14424,1.14561,1.14683,1.1479,1.14882,1.14958,1.1502,1.15066,1.15097,1.15113,1.15113,1.15097,1.15066,1.1502,1.14958,1.14882,1.1479,1.14683,1.14561,1.14424,1.14273,1.14108,1.13928,1.13735,1.13529,1.13309,1.13075,1.1283,1.12572,1.12302,1.1202,1.11727,1.11422,1.11108,1.10783,1.10448,1.10103,1.0975,1.09387,1.09017,1.08638,1.08252,1.07859,1.07459,1.07053,1.0664,1.06223,1.05799,1.05372,1.04939,1.04503,1.04063,1.0362,1.03174,1.02725,1.02274,1.01821,1.01367,1.00912,1.00456,1
1,1.00441,1.00882,1.01322,1.01762,1.02199,1.02635,1.03069,1.035,1.03929,1.04354,1.04776,1.05194,1.05607,1.06016,1.0642,1.06818,1.0721,1.07597,1.07976,1.08349,1.08714,1.09072,1.09422,1.09763,1.10095,1.10418,1.10732,1.11035,1.11329,1.11611,1.11883,1.12143,1.12392,1.12629,1.12853,1.13065,1.13264,1.1345,1.13623,1.13782,1.13928,1.14059,1.14176,1.14279,1.14368,1.14442,1.14501,1.14546,1.14576,1.1459,1.1459,1.14576,1.14546,1.14501,1.14442,1.14368,1.14279,1.14176,1.14059,1.13928,1.13782,1.13623,1.1345,1.13264,1.13065,1.12853,1.12629,1.12392,1.12143,1.11883,1.11611,1.11329,1.11035,1.10732,1.10418,1.10095,1.09763,1.09422,1.09072,1.08714,1.08349,1.07976,1.07597,1.0721,1.06818,1.0642,1.06016,1.05607,1.05194,1.04776,1.04354,1.03929,1.035,1.03069,1.02635,1.02199,1.01762,1.01322,1.00882,1.00441,1
1,1.00427,1.00853,1.01278,1.01703,1.02126,1.02548,1.02967,1.03384,1.03798,1.04209,1.04616,1.0502,1.05419,1.05814,1.06204,1.06589,1.06968,1.07341,1.07707,1.08067,1.0842,1.08765,1.09102,1.09431,1.09752,1.10063,1.10366,1.10658,1.10941,1.11214,1.11475,1.11726,1.11966,1.12194,1.1241,1.12614,1.12806,1.12985,1.13152,1.13305,1.13445,1.13572,1.13685,1.13784,1.13869,1.1394,1.13997,1.1404,1.14069,1.14083,1.14083,1.14069,1.1404,1.13997,1.1394,1.13869,1.13784,1.13685,1.13572,1.13445,1.13305,1.13152,1.12985,1.12806,1.12614,1.1241,1.12194,1.11966,1.11726,1.11475,1.11214,1.10941,1.10658,1.10366,1.10063,1.09752,1.09431,1.09102,1.08765,1.0842,1.08067,1.07707,1.07341,1.06968,1.06589,1.06204,1.05814,1.05419,1.0502,1.04616,1.04209,1.03798,1.03384,1.02967,1.02548,1.02126,1.01703,1.01278,1.00853,1.00427,1
1,1.00412,1.00824,1.01236,1.01646,1.02055,1.02462,1.02867,1.0327,1.0367,1.04067,1.04461,1.04851,1.05236,1.05618,1.05994,1.06366,1.06731,1.07091,1.07445,1.07792,1.08133,1.08466,1.08791,1.09108,1.09417,1.09718,1.10009,1.10292,1.10564,1.10827,1.11079,1.11321,1.11552,1.11771,1.1198,1.12176,1.12361,1.12533,1.12694,1.12841,1.12976,1.13098,1.13207,1.13302,1.13384,1.13453,1.13508,1.13549,1.13576,1.1359,1.1359,1.13576,1.13549,1.13508,1.13453,1.13384,1.13302,1.13207,1.13098,1.12976,1.12841,1.12694,1.12533,1.12361,1.12176,1.1198,1.11771,1.11552,1.11321,1.11079,1.10827,1.10564,1.10292,1.10009,1.09718,1.09417,1.09108,1.08791,1.08466,1.08133,1.07792,1.07445,1.07091,1.06731,1.06366,1.05994,1.05618,1.05236,1.04851,1.04461,1.04067,1.0367,1.0327,1.02867,1.02462,1.02055,1.01646,1.01236,1.00824,1.00412,1
1,1.00398,1.00796,1.01194,1.0159,1.01985,1.02378,1.0277,1.03159,1.03545,1.03929,1.04309,1.04685,1.05058,1.05426,1.05789,1.06148,1.06501,1.06848,1.07189,1.07524,1.07853,1.08174,1.08488,1.08794,1.09092,1.09381,1.09662,1.09934,1.10197,1.1045,1.10693,1.10926,1.11148,1.1136,1.1156,1.1175,1.11928,1.12094,1.12248,1.1239,1.1252,1.12637,1.12742,1.12834,1.12913,1.12979,1.13031,1.13071,1.13098,1.13111,1.13111,1.13098,1.13071,1.13031,1.12979,1.12913,1.12834,1.12742,1.12637,1.1252,1.1239,1.12248,1.12094,1.11928,1.1175,1.1156,1.1136,1.11148,1.10926,1.10693,1.1045,1.10197,1.09934,1.09662,1.09381,1.09092,1.08794,1.08488,1.08174,1.07853,1.07524,1.07189,1.06848,1.06501,1.06148,1.05789,1.05426,1.05058,1.04685,1.04309,1.03929,1.03545,1.03159,1.0277,1.02378,1.01985,1.0159,1.01194,1.00796,1.00398,1
1,1.00385,1.00769,1.01153,1.01535,1.01917,1.02297,1.02675,1.0305,1.03423,1.03794,1.04161,1.04524,1.04883,1.05239,1.05589,1.05935,1.06276,1.06611,1.0694,1.07263,1.0758,1.07889,1.08192,1.08487,1.08774,1.09054,1.09324,1.09586,1.09839,1.10083,1.10317,1.10542,1.10756,1.1096,1.11153,1.11335,1.11506,1.11666,1.11815,1.11951,1.12076,1.12189,1.1229,1.12378,1.12454,1.12518,1.12569,1.12607,1.12632,1.12645,1.12645,1.12632,1.12607,1.12569,1.12518,1.12454,1.12378,1.1229,1.12189,1.12076,1.11951,1.11815,1.11666,1.11506,1.11335,1.11153,1.1096,1.10756,1.10542,1.10317,1.10083,1.09839,1.09586,1.09324,1.09054,1.08774,1.08487,1.08192,1.07889,1.0758,1.07263,1.0694,1.06611,1.06276,1.05935,1.05589,1.05239,1.04883,1.04524,1.04161,1.03794,1.03423,1.0305,1.02675,1.02297,1.01917,1.01535,1.01153,1.00769,1.00385,1
1,1.00371,1.00742,1.01113,1.01482,1.0185,1.02217,1.02582,1.02944,1.03305,1.03662,1.04016,1.04366,1.04713,1.05056,1.05394,1.05728,1.06056,1.0638,1.06697,1.07009,1.07314,1.07612,1.07904,1.08188,1.08465,1.08734,1.08995,1.09247,1.09491,1.09726,1.09951,1.10167,1.10374,1.1057,1.10756,1.10931,1.11096,1.1125,1.11393,1.11524,1.11645,1.11753,1.1185,1.11935,1.12008,1.12069,1.12118,1.12155,1.1218,1.12192,1.12192,1.1218,1.12155,1.12118,1.12069,1.12008,1.11935,1.1185,1.11753,1.11645,1.11524,1.11393,1.1125,1.11096,1.10931,1.10756,1.1057,1.10374,1.10167,1.09951,1.09726,1.09491,1.09247,1.08995,1.08734,1.08465,1.08188,1.07904,1.07612,1.07314,1.07009,1.06697,1.0638,1.06056,1.05728,1.05394,1.05056,1.04713,1.04366,1.04016,1.03662,1.03305,1.02944,1.02582,1.02217,1.0185,1.01482,1.01113,1.00742,1.00371,1
1,1.00358,1.00716,1.01074,1.0143,1.01786,1.02139,1.02491,1.02841,1.03188,1.03533,1.03875,1.04213,1.04547,1.04878,1.05204,1.05526,1.05842,1.06154,1.0646,1.0676,1.07054,1.07342,1.07623,1.07897,1.08164,1.08423,1.08674,1.08917,1.09152,1.09378,1.09595,1.09803,1.10001,1.1019,1.10369,1.10538,1.10697,1.10845,1.10982,1.11109,1.11225,1.11329,1.11422,1.11504,1.11574,1.11633,1.1168,1.11716,1.11739,1.11751,1.11751,1.11739,1.11716,1.1168,1.11633,1.11574,1.11504,1.11422,1.11329,1.11225,1.11109,1.10982,1.10845,1.10697,1.10538,1.10369,1.1019,1.10001,1.09803,1.09595,1.09378,1.09152,1.08917,1.08674,1.08423,1.08164,1.07897,1.07623,1.07342,1.07054,1.0676,1.0646,1.06154,1.05842,1.05526,1.05204,1.04878,1.04547,1.04213,1.03875,1.03533,1.03188,1.02841,1.02491,1.02139,1.01786,1.0143,1.01074,1.00716,1.00358,1
1,1.00346,1.00691,1.01036,1.0138,1.01722,1.02063,1.02403,1.0274,1.03075,1.03407,1.03737,1.04063,1.04385,1.04704,1.05018,1.05328,1.05634,1.05934,1.06229,1.06518,1.06801,1.07079,1.07349,1.07613,1.0787,1.08119,1.08361,1.08595,1.08821,1.09039,1.09248,1.09448,1.09639,1.09821,1.09993,1.10155,1.10308,1.1045,1.10583,1.10704,1.10816,1.10916,1.11006,1.11084,1.11152,1.11209,1.11254,1.11288,1.1131,1.11322,1.11322,1.1131,1.11288,1.11254,1.11209,1.11152,1.11084,1.11006,1.10916,1.10816,1.10704,1.10583,1.1045,1.10308,1.10155,1.09993,1.09821,1.09639,1.09448,1.09248,1.09039,1.08821,1.08595,1.08361,1.08119,1.0787,1.07613,1.07349,1.07079,1.06801,1.06518,1.06229,1.05934,1.05634,1.05328,1.05018,1.04704,1.04385,1.04063,1.03737,1.03407,1.03075,1.0274,1.02403,1.02063,1.01722,1.0138,1.01036,1.00691,1.00346,1
1,1.00333,1.00666,1.00999,1.0133,1.0166,1.01989,1.02316,1.02642,1.02964,1.03285,1.03602,1.03916,1.04227,1.04534,1.04837,1.05136,1.0543,1.05719,1.06003,1.06282,1.06555,1.06821,1.07082,1.07336,1.07583,1.07824,1.08056,1.08282,1.08499,1.08708,1.0891,1.09102,1.09286,1.09461,1.09626,1.09783,1.09929,1.10066,1.10193,1.10311,1.10417,1.10514,1.106,1.10676,1.10741,1.10795,1.10839,1.10871,1.10893,1.10904,1.10904,1.10893,1.10871,1.10839,1.10795,1.10741,1.10676,1.106,1.10514,1.10417,1.10311,1.10193,1.10066,1.09929,1.09783,1.09626,1.09461,1.09286,1.09102,1.0891,1.08708,1.08499,1.08282,1.08056,1.07824,1.07583,1.07336,1.07082,1.06821,1.06555,1.06282,1.06003,1.05719,1.0543,1.05136,1.04837,1.04534,1.04227,1.03916,1.03602,1.03285,1.02964,1.02642,1.02316,1.01989,1.0166,1.0133,1.00999,1.00666,1.00333,1
1,1.00321,1.00642,1.00962,1.01282,1.016,1.01917,1.02232,1.02545,1.02856,1.03165,1.03471,1.03773,1.04073,1.04368,1.0466,1.04948,1.05231,1.0551,1.05783,1.06051,1.06314,1.06571,1.06822,1.07066,1.07304,1.07535,1.07759,1.07976,1.08185,1.08386,1.0858,1.08765,1.08942,1.0911,1.09269,1.09419,1.0956,1.09692,1.09814,1.09927,1.1003,1.10122,1.10205,1.10278,1.1034,1.10393,1.10434,1.10466,1.10487,1.10497,1.10497,1.10487,1.10466,1.10434,1.10393,1.1034,1.10278,1.10205,1.10122,1.1003,1.09927,1.09814,1.09692,1.0956,1.09419,1.09269,1.0911,1.08942,1.08765,1.0858,1.08386,1.08185,1.07976,1.07759,1.07535,1.07304,1.07066,1.06822,1.06571,1.06314,1.06051,1.05783,1.0551,1.05231,1.04948,1.0466,1.04368,1.04073,1.03773,1.03471,1.03165,1.02856,1.02545,1.02232,1.01917,1.016,1.01282,1.00962,1.00642,1.00321,1
1,1.00309,1.00618,1.00927,1.01234,1.01541,1.01846,1.0215,1.02451,1.02751,1.03048,1.03342,1.03634,1.03922,1.04207,1.04487,1.04764,1.05037,1.05305,1.05568,1.05826,1.06079,1.06326,1.06567,1.06802,1.07031,1.07254,1.07469,1.07677,1.07879,1.08072,1.08258,1.08436,1.08606,1.08768,1.08921,1.09065,1.09201,1.09327,1.09445,1.09553,1.09652,1.09741,1.0982,1.0989,1.0995,1.1,1.10041,1.10071,1.10091,1.10101,1.10101,1.10091,1.10071,1.10041,1.1,1.0995,1.0989,1.0982,1.09741,1.09652,1.09553,1.09445,1.09327,1.09201,1.09065,1.08921,1.08768,1.08606,1.08436,1.08258,1.08072,1.07879,1.07677,1.07469,1.07254,1.07031,1.06802,1.06567,1.06326,1.06079,1.05826,1.05568,1.05305,1.05037,1.04764,1.04487,1.04207,1.03922,1.03634,1.03342,1.03048,1.02751,1.02451,1.0215,1.01846,1.01541,1.01234,1.00927,1.00618,1.00309,1
1,1.00298,1.00595,1.00892,1.01188,1.01483,1.01777,1.02069,1.02359,1.02648,1.02934,1.03217,1.03497,1.03775,1.04049,1.04319,1.04585,1.04847,1.05105,1.05358,1.05606,1.05849,1.06087,1.06319,1.06545,1.06765,1.06979,1.07186,1.07386,1.0758,1.07766,1.07944,1.08116,1.08279,1.08434,1.08581,1.0872,1.0885,1.08972,1.09084,1.09188,1.09283,1.09369,1.09445,1.09512,1.0957,1.09618,1.09657,1.09686,1.09705,1.09715,1.09715,1.09705,1.09686,1.09657,1.09618,1.0957,1.09512,1.09445,1.09369,1.09283,1.09188,1.09084,1.08972,1.0885,1.0872,1.08581,1.08434,1.08279,1.08116,1.07944,1.07766,1.0758,1.07386,1.07186,1.06979,1.06765,1.06545,1.06319,1.06087,1.05849,1.05606,1.05358,1.05105,1.04847,1.04585,1.04319,1.04049,1.03775,1.03497,1.03217,1.02934,1.02648,1.02359,1.02069,1.01777,1.01483,1.01188,1.00892,1.00595,1.00298,1
1,1.00286,1.00572,1.00858,1.01143,1.01427,1.01709,1.0199,1.0227,1.02547,1.02822,1.03094,1.03364,1.03631,1.03894,1.04154,1.0441,1.04662,1.0491,1.05153,1.05392,1.05626,1.05854,1.06077,1.06294,1.06506,1.06711,1.0691,1.07102,1.07288,1.07467,1.07638,1.07803,1.07959,1.08109,1.0825,1.08383,1.08508,1.08625,1.08733,1.08833,1.08924,1.09006,1.09079,1.09144,1.09199,1.09245,1.09282,1.0931,1.09329,1.09338,1.09338,1.09329,1.0931,1.09282,1.09245,1.09199,1.09144,1.09079,1.09006,1.08924,1.08833,1.08733,1.08625,1.08508,1.08383,1.0825,1.08109,1.07959,1.07803,1.07638,1.07467,1.07288,1.07102,1.0691,1.06711,1.06506,1.06294,1.06077,1.05854,1.05626,1.05392,1.05153,1.0491,1.04662,1.0441,1.04154,1.03894,1.03631,1.03364,1.03094,1.02822,1.02547,1.0227,1.0199,1.01709,1.01427,1.01143,1.00858,1.00572,1.00286,1
1,1.00275,1.0055,1.00825,1.01099,1.01372,1.01643,1.01913,1.02182,1.02448,1.02713,1.02975,1.03234,1.0349,1.03743,1.03993,1.04239,1.04481,1.04719,1.04953,1.05182,1.05407,1.05626,1.0584,1.06049,1.06252,1.06449,1.0664,1.06825,1.07003,1.07175,1.0734,1.07497,1.07648,1.07791,1.07927,1.08054,1.08174,1.08286,1.0839,1.08486,1.08573,1.08652,1.08723,1.08784,1.08838,1.08882,1.08917,1.08944,1.08962,1.08971,1.08971,1.08962,1.08944,1.08917,1.08882,1.08838,1.08784,1.08723,1.08652,1.08573,1.08486,1.0839,1.08286,1.08174,1.08054,1.07927,1.07791,1.07648,1.07497,1.0734,1.07175,1.07003,1.06825,1.0664,1.06449,1.06252,1.06049,1.0584,1.05626,1.05407,1.05182,1.04953,1.04719,1.04481,1.04239,1.03993,1.03743,1.0349,1.03234,1.02975,1.02713,1.02448,1.02182,1.01913,1.01643,1.01372,1.01099,1.00825,1.0055,1.00275,1
1,1.00264,1.00529,1.00793,1.01056,1.01318,1.01579,1.01838,1.02096,1.02352,1.02606,1.02858,1.03106,1.03353,1.03596,1.03836,1.04072,1.04304,1.04533,1.04758,1.04978,1.05193,1.05404,1.05609,1.0581,1.06004,1.06194,1.06377,1.06554,1.06725,1.0689,1.07048,1.07199,1.07344,1.07481,1.07611,1.07734,1.07849,1.07956,1.08056,1.08148,1.08231,1.08307,1.08374,1.08434,1.08485,1.08527,1.08561,1.08587,1.08604,1.08612,1.08612,1.08604,1.08587,1.08561,1.08527,1.08485,1.08434,1.08374,1.08307,1.08231,1.08148,1.08056,1.07956,1.07849,1.07734,1.07611,1.07481,1.07344,1.07199,1.07048,1.0689,1.06725,1.06554,1.06377,1.06194,1.06004,1.0581,1.05609,1.05404,1.05193,1.04978,1.04758,1.04533,1.04304,1.04072,1.03836,1.03596,1.03353,1.03106,1.02858,1.02606,1.02352,1.02096,1.01838,1.01579,1.01318,1.01056,1.00793,1.00529,1.00264,1
1,1.00254,1.00508,1.00761,1.01013,1.01265,1.01516,1.01765,1.02012,1.02258,1.02502,1.02743,1.02982,1.03218,1.03451,1.03682,1.03908,1.04132,1.04351,1.04566,1.04777,1.04984,1.05186,1.05383,1.05575,1.05762,1.05944,1.0612,1.0629,1.06454,1.06612,1.06763,1.06908,1.07047,1.07178,1.07303,1.0742,1.07531,1.07634,1.07729,1.07817,1.07897,1.0797,1.08035,1.08091,1.0814,1.08181,1.08213,1.08238,1.08254,1.08262,1.08262,1.08254,1.08238,1.08213,1.08181,1.0814,1.08091,1.08035,1.0797,1.07897,1.07817,1.07729,1.07634,1.07531,1.0742,1.07303,1.07178,1.07047,1.06908,1.06763,1.06612,1.06454,1.0629,1.0612,1.05944,1.05762,1.05575,1.05383,1.05186,1.04984,1.04777,1.04566,1.04351,1.04132,1.03908,1.03682,1.03451,1.03218,1.02982,1.02743,1.02502,1.02258,1.02012,1.01765,1.01516,1.01265,1.01013,1.00761,1.00508,1.00254,1
1,1.00244,1.00487,1.0073,1.00972,1.01213,1.01454,1.01693,1.0193,1.02166,1.02399,1.02631,1.0286,1.03087,1.0331,1.03531,1.03749,1.03963,1.04173,1.04379,1.04582,1.0478,1.04973,1.05162,1.05347,1.05526,1.057,1.05868,1.06031,1.06188,1.0634,1.06485,1.06624,1.06756,1.06882,1.07002,1.07114,1.0722,1.07319,1.0741,1.07494,1.07571,1.07641,1.07703,1.07757,1.07804,1.07843,1.07874,1.07897,1.07913,1.07921,1.07921,1.07913,1.07897,1.07874,1.07843,1.07804,1.07757,1.07703,1.07641,1.07571,1.07494,1.0741,1.07319,1.0722,1.07114,1.07002,1.06882,1.06756,1.06624,1.06485,1.0634,1.06188,1.06031,1.05868,1.057,1.05526,1.05347,1.05162,1.04973,1.0478,1.04582,1.04379,1.04173,1.03963,1.03749,1.03531,1.0331,1.03087,1.0286,1.02631,1.02399,1.02166,1.0193,1.01693,1.01454,1.01213,1.00972,1.0073,1.00487,1.00244,1
1,1.00233,1.00467,1.00699,1.00932,1.01163,1.01393,1.01622,1.0185,1.02076,1.023,1.02521,1.02741,1.02958,1.03172,1.03384,1.03592,1.03797,1.03999,1.04196,1.0439,1.0458,1.04765,1.04946,1.05123,1.05294,1.05461,1.05622,1.05778,1.05929,1.06074,1.06213,1.06346,1.06472,1.06593,1.06707,1.06815,1.06916,1.07011,1.07098,1.07179,1.07252,1.07319,1.07378,1.0743,1.07475,1.07512,1.07542,1.07565,1.07579,1.07587,1.07587,1.07579,1.07565,1.07542,1.07512,1.07475,1.0743,1.07378,1.07319,1.07252,1.07179,1.07098,1.07011,1.06916,1.06815,1.06707,1.06593,1.06472,1.06346,1.06213,1.06074,1.05929,1.05778,1.05622,1.05461,1.05294,1.05123,1.04946,1.04765,1.0458,1.0439,1.04196,1.03999,1.03797,1.03592,1.03384,1.03172,1.02958,1.02741,1.02521,1.023,1.02076,1.0185,1.01622,1.01393,1.01163,1.00932,1.00699,1.00467,1.00233,1
1,1.00224,1.00447,1.0067,1.00892,1.01113,1.01334,1.01553,1.01771,1.01987,1.02202,1.02414,1.02624,1.02832,1.03037,1.0324,1.03439,1.03635,1.03828,1.04017,1.04203,1.04384,1.04562,1.04735,1.04904,1.05068,1.05227,1.05382,1.05531,1.05675,1.05813,1.05946,1.06074,1.06195,1.0631,1.0642,1.06523,1.06619,1.0671,1.06793,1.0687,1.06941,1.07004,1.07061,1.07111,1.07153,1.07189,1.07218,1.07239,1.07253,1.07261,1.07261,1.07253,1.07239,1.07218,1.07189,1.07153,1.07111,1.07061,1.07004,1.06941,1.0687,1.06793,1.0671,1.06619,1.06523,1.0642,1.0631,1.06195,1.06074,1.05946,1.05813,1.05675,1.05531,1.05382,1.05227,1.05068,1.04904,1.04735,1.04562,1.04384,1.04203,1.04017,1.03828,1.03635,1.03439,1.0324,1.03037,1.02832,1.02624,1.02414,1.02202,1.01987,1.01771,1.01553,1.01334,1.01113,1.00892,1.0067,1.00447,1.00224,1
1,1.00214,1.00427,1.00641,1.00853,1.01065,1.01276,1.01486,1.01694,1.01901,1.02106,1.02309,1.0251,1.02709,1.02905,1.03098,1.03289,1.03477,1.03661,1.03842,1.04019,1.04193,1.04363,1.04528,1.0469,1.04846,1.04999,1.05146,1.05289,1.05426,1.05559,1.05686,1.05807,1.05923,1.06034,1.06138,1.06237,1.06329,1.06415,1.06495,1.06569,1.06636,1.06697,1.06751,1.06798,1.06839,1.06873,1.069,1.06921,1.06935,1.06941,1.06941,1.06935,1.06921,1.069,1.06873,1.06839,1.06798,1.06751,1.06697,1.06636,1.06569,1.06495,1.06415,1.06329,1.06237,1.06138,1.06034,1.05923,1.05807,1.05686,1.05559,1.05426,1.05289,1.05146,1.04999,1.04846,1.0469,1.04528,1.04363,1.04193,1.04019,1.03842,1.03661,1.03477,1.03289,1.03098,1.02905,1.02709,1.0251,1.02309,1.02106,1.01901,1.01694,1.01486,1.01276,1.01065,1.00853,1.00641,1.00427,1.00214,1
1,1.00204,1.00408,1.00612,1.00815,1.01018,1.01219,1.01419,1.01619,1.01816,1.02012,1.02206,1.02398,1.02588,1.02775,1.0296,1.03142,1.03321,1.03498,1.0367,1.0384,1.04006,1.04168,1.04326,1.0448,1.04629,1.04775,1.04916,1.05052,1.05183,1.0531,1.05431,1.05547,1.05658,1.05763,1.05862,1.05956,1.06045,1.06127,1.06203,1.06273,1.06338,1.06396,1.06447,1.06492,1.06531,1.06564,1.0659,1.0661,1.06623,1.06629,1.06629,1.06623,1.0661,1.0659,1.06564,1.06531,1.06492,1.06447,1.06396,1.06338,1.06273,1.06203,1.06127,1.06045,1.05956,1.05862,1.05763,1.05658,1.05547,1.05431,1.0531,1.05183,1.05052,1.04916,1.04775,1.04629,1.0448,1.04326,1.04168,1.04006,1.0384,1.0367,1.03498,1.03321,1.03142,1.0296,1.02775,1.02588,1.02398,1.02206,1.02012,1.01816,1.01619,1.01419,1.01219,1.01018,1.00815,1.00612,1.00408,1.00204,1
1,1.00195,1.0039,1.00584,1.00778,1.00971,1.01163,1.01355,1.01544,1.01733,1.0192,1.02105,1.02288,1.02469,1.02648,1.02825,1.02998,1.03169,1.03337,1.03502,1.03664,1.03822,1.03976,1.04127,1.04274,1.04417,1.04556,1.0469,1.0482,1.04945,1.05065,1.05181,1.05292,1.05397,1.05498,1.05593,1.05682,1.05766,1.05845,1.05917,1.05984,1.06045,1.06101,1.0615,1.06193,1.0623,1.06261,1.06286,1.06305,1.06317,1.06323,1.06323,1.06317,1.06305,1.06286,1.06261,1.0623,1.06193,1.0615,1.06101,1.06045,1.05984,1.05917,1.05845,1.05766,1.05682,1.05593,1.05498,1.05397,1.05292,1.05181,1.05065,1.04945,1.0482,1.0469,1.04556,1.04417,1.04274,1.04127,1.03976,1.03822,1.03664,1.03502,1.03337,1.03169,1.02998,1.02825,1.02648,1.02469,1.02288,1.02105,1.0192,1.01733,1.01544,1.01355,1.01163,1.00971,1.00778,1.00584,1.0039,1.00195,1
1,1.00186,1.00371,1.00557,1.00741,1.00925,1.01109,1.01291,1.01472,1.01652,1.0183,1.02006,1.02181,1.02353,1.02524,1.02692,1.02857,1.0302,1.0318,1.03337,1.03491,1.03642,1.03789,1.03933,1.04072,1.04209,1.04341,1.04469,1.04592,1.04711,1.04826,1.04936,1.05042,1.05142,1.05238,1.05328,1.05413,1.05493,1.05568,1.05637,1.05701,1.05759,1.05812,1.05859,1.059,1.05935,1.05965,1.05988,1.06006,1.06018,1.06024,1.06024,1.06018,1.06006,1.05988,1.05965,1.05935,1.059,1.05859,1.05812,1.05759,1.05701,1.05637,1.05568,1.05493,1.05413,1.05328,1.05238,1.05142,1.05042,1.04936,1.04826,1.04711,1.04592,1.04469,1.04341,1.04209,1.04072,1.03933,1.03789,1.03642,1.03491,1.03337,1.0318,1.0302,1.02857,1.02692,1.02524,1.02353,1.02181,1.02006,1.0183,1.01652,1.01472,1.01291,1.01109,1.00925,1.00741,1.00557,1.00371,1.00186,1
1,1.00177,1.00353,1.0053,1.00706,1.00881,1.01055,1.01228,1.01401,1.01572,1.01741,1.01909,1.02075,1.02239,1.02401,1.02561,1.02719,1.02874,1.03026,1.03175,1.03322,1.03465,1.03605,1.03742,1.03875,1.04004,1.0413,1.04251,1.04369,1.04482,1.04592,1.04696,1.04796,1.04892,1.04983,1.05069,1.0515,1.05226,1.05297,1.05363,1.05423,1.05479,1.05529,1.05573,1.05612,1.05646,1.05674,1.05696,1.05713,1.05725,1.0573,1.0573,1.05725,1.05713,1.05696,1.05674,1.05646,1.05612,1.05573,1.05529,1.05479,1.05423,1.05363,1.05297,1.05226,1.0515,1.05069,1.04983,1.04892,1.04796,1.04696,1.04592,1.04482,1.04369,1.04251,1.0413,1.04004,1.03875,1.03742,1.03605,1.03465,1.03322,1.03175,1.03026,1.02874,1.02719,1.02561,1.02401,1.02239,1.02075,1.01909,1.01741,1.01572,1.01401,1.01228,1.01055,1.00881,1.00706,1.0053,1.00353,1.00177,1
1,1.00168,1.00336,1.00503,1.0067,1.00837,1.01002,1.01167,1.01331,1.01493,1.01654,1.01814,1.01971,1.02127,1.02281,1.02433,1.02583,1.0273,1.02875,1.03016,1.03156,1.03292,1.03425,1.03554,1.03681,1.03804,1.03923,1.04038,1.0415,1.04258,1.04361,1.04461,1.04556,1.04647,1.04733,1.04814,1.04891,1.04964,1.05031,1.05093,1.05151,1.05203,1.05251,1.05293,1.0533,1.05362,1.05389,1.0541,1.05426,1.05437,1.05442,1.05442,1.05437,1.05426,1.0541,1.05389,1.05362,1.0533,1.05293,1.05251,1.05203,1.05151,1.05093,1.05031,1.04964,1.04891,1.04814,1.04733,1.04647,1.04556,1.04461,1.04361,1.04258,1.0415,1.04038,1.03923,1.03804,1.03681,1.03554,1.03425,1.03292,1.03156,1.03016,1.02875,1.0273,1.02583,1.02433,1.02281,1.02127,1.01971,1.01814,1.01654,1.01493,1.01331,1.01167,1.01002,1.00837,1.0067,1.00503,1.00336,1.00168,1
1,1.00159,1.00318,1.00477,1.00636,1.00793,1.00951,1.01107,1.01262,1.01416,1.01569,1.0172,1.0187,1.02017,1.02163,1.02307,1.02449,1.02589,1.02726,1.0286,1.02992,1.03121,1.03247,1.0337,1.0349,1.03607,1.0372,1.03829,1.03935,1.04037,1.04135,1.04229,1.0432,1.04406,1.04487,1.04565,1.04638,1.04706,1.0477,1.04829,1.04884,1.04933,1.04978,1.05018,1.05053,1.05084,1.05109,1.05129,1.05144,1.05154,1.05159,1.05159,1.05154,1.05144,1.05129,1.05109,1.05084,1.05053,1.05018,1.04978,1.04933,1.04884,1.04829,1.0477,1.04706,1.04638,1.04565,1.04487,1.04406,1.0432,1.04229,1.04135,1.04037,1.03935,1.03829,1.0372,1.03607,1.0349,1.0337,1.03247,1.03121,1.02992,1.0286,1.02726,1.02589,1.02449,1.02307,1.02163,1.02017,1.0187,1.0172,1.01569,1.01416,1.01262,1.01107,1.00951,1.00793,1.00636,1.00477,1.00318,1.00159,1
1,1.00151,1.00301,1.00452,1.00602,1.00751,1.009,1.01048,1.01194,1.0134,1.01485,1.01628,1.01769,1.01909,1.02048,1.02184,1.02318,1.0245,1.0258,1.02707,1.02832,1.02954,1.03073,1.0319,1.03303,1.03413,1.0352,1.03624,1.03724,1.0382,1.03913,1.04002,1.04088,1.04169,1.04246,1.04319,1.04388,1.04453,1.04513,1.04569,1.04621,1.04668,1.04711,1.04748,1.04782,1.0481,1.04834,1.04853,1.04868,1.04877,1.04882,1.04882,1.04877,1.04868,1.04853,1.04834,1.0481,1.04782,1.04748,1.04711,1.04668,1.04621,1.04569,1.04513,1.04453,1.04388,1.04319,1.04246,1.04169,1.04088,1.04002,1.03913,1.0382,1.03724,1.03624,1.0352,1.03413,1.03303,1.0319,1.03073,1.02954,1.02832,1.02707,1.0258,1.0245,1.02318,1.02184,1.02048,1.01909,1.01769,1.01628,1.01485,1.0134,1.01194,1.01048,1.009,1.00751,1.00602,1.00452,1.00301,1.00151,1
1,1.00142,1.00285,1.00427,1.00568,1.00709,1.0085,1.00989,1.01128,1.01266,1.01402,1.01537,1.01671,1.01803,1.01934,1.02062,1.02189,1.02314,1.02436,1.02556,1.02674,1.02789,1.02902,1.03012,1.03119,1.03223,1.03324,1.03422,1.03516,1.03607,1.03695,1.03779,1.03859,1.03936,1.04009,1.04078,1.04143,1.04204,1.04261,1.04314,1.04363,1.04407,1.04447,1.04483,1.04515,1.04541,1.04564,1.04582,1.04596,1.04605,1.04609,1.04609,1.04605,1.04596,1.04582,1.04564,1.04541,1.04515,1.04483,1.04447,1.04407,1.04363,1.04314,1.04261,1.04204,1.04143,1.04078,1.04009,1.03936,1.03859,1.03779,1.03695,1.03607,1.03516,1.03422,1.03324,1.03223,1.03119,1.03012,1.02902,1.02789,1.02674,1.02556,1.02436,1.02314,1.02189,1.02062,1.01934,1.01803,1.01671,1.01537,1.01402,1.01266,1.01128,1.00989,1.0085,1.00709,1.00568,1.00427,1.00285,1.00142,1
1,1.00134,1.00268,1.00402,1.00535,1.00668,1.008,1.00932,1.01063,1.01192,1.01321,1.01448,1.01574,1.01699,1.01821,1.01943,1.02062,1.02179,1.02295,1.02408,1.02519,1.02627,1.02733,1.02837,1.02938,1.03036,1.03131,1.03223,1.03312,1.03398,1.0348,1.03559,1.03635,1.03707,1.03776,1.03841,1.03902,1.0396,1.04014,1.04063,1.04109,1.04151,1.04189,1.04222,1.04252,1.04277,1.04298,1.04315,1.04328,1.04337,1.04341,1.04341,1.04337,1.04328,1.04315,1.04298,1.04277,1.04252,1.04222,1.04189,1.04151,1.04109,1.04063,1.04014,1.0396,1.03902,1.03841,1.03776,1.03707,1.03635,1.03559,1.0348,1.03398,1.03312,1.03223,1.03131,1.03036,1.02938,1.02837,1.02733,1.02627,1.02519,1.02408,1.02295,1.02179,1.02062,1.01943,1.01821,1.01699,1.01574,1.01448,1.01321,1.01192,1.01063,1.00932,1.008,1.00668,1.00535,1.00402,1.00268,1.00134,1
1,1.00126,1.00252,1.00378,1.00503,1.00628,1.00752,1.00875,1.00998,1.0112,1.01241,1.0136,1.01479,1.01596,1.01711,1.01825,1.01937,1.02047,1.02156,1.02262,1.02366,1.02468,1.02568,1.02665,1.02759,1.02851,1.02941,1.03027,1.03111,1.03191,1.03269,1.03343,1.03414,1.03482,1.03547,1.03608,1.03665,1.03719,1.0377,1.03816,1.03859,1.03898,1.03934,1.03965,1.03993,1.04017,1.04037,1.04053,1.04065,1.04073,1.04077,1.04077,1.04073,1.04065,1.04053,1.04037,1.04017,1.03993,1.03965,1.03934,1.03898,1.03859,1.03816,1.0377,1.03719,1.03665,1.03608,1.03547,1.03482,1.03414,1.03343,1.03269,1.03191,1.03111,1.03027,1.02941,1.02851,1.02759,1.02665,1.02568,1.02468,1.02366,1.02262,1.02156,1.02047,1.01937,1.01825,1.01711,1.01596,1.01479,1.0136,1.01241,1.0112,1.00998,1.00875,1.00752,1.00628,1.00503,1.00378,1.00252,1.00126,1
1,1.00118,1.00236,1.00354,1.00471,1.00588,1.00704,1.0082,1.00935,1.01049,1.01162,1.01274,1.01385,1.01494,1.01602,1.01709,1.01814,1.01917,1.02018,1.02118,1.02215,1.02311,1.02404,1.02495,1.02584,1.0267,1.02753,1.02834,1.02913,1.02988,1.0306,1.0313,1.03197,1.0326,1.03321,1.03378,1.03432,1.03482,1.03529,1.03573,1.03613,1.0365,1.03683,1.03713,1.03739,1.03761,1.03779,1.03794,1.03806,1.03813,1.03817,1.03817,1.03813,1.03806,1.03794,1.03779,1.03761,1.03739,1.03713,1.03683,1.0365,1.03613,1.03573,1.03529,1.03482,1.03432,1.03378,1.03321,1.0326,1.03197,1.0313,1.0306,1.02988,1.02913,1.02834,1.02753,1.0267,1.02584,1.02495,1.02404,1.02311,1.02215,1.02118,1.02018,1.01917,1.01814,1.01709,1.01602,1.01494,1.01385,1.01274,1.01162,1.01049,1.00935,1.0082,1.00704,1.00588,1.00471,1.00354,1.00236,1.00118,1
1,1.0011,1.0022,1.0033,1.00439,1.00548,1.00657,1.00765,1.00872,1.00979,1.01084,1.01188,1.01292,1.01394,1.01495,1.01594,1.01692,1.01789,1.01883,1.01976,1.02067,1.02156,1.02243,1.02328,1.0241,1.02491,1.02569,1.02644,1.02717,1.02788,1.02855,1.0292,1.02982,1.03041,1.03098,1.03151,1.03201,1.03248,1.03292,1.03333,1.03371,1.03405,1.03436,1.03463,1.03488,1.03508,1.03526,1.0354,1.0355,1.03557,1.0356,1.0356,1.03557,1.0355,1.0354,1.03526,1.03508,1.03488,1.03463,1.03436,1.03405,1.03371,1.03333,1.03292,1.03248,1.03201,1.03151,1.03098,1.03041,1.02982,1.0292,1.02855,1.02788,1.02717,1.02644,1.02569,1.02491,1.0241,1.02328,1.02243,1.02156,1.02067,1.01976,1.01883,1.01789,1.01692,1.01594,1.01495,1.01394,1.01292,1.01188,1.01084,1.00979,1.00872,1.00765,1.00657,1.00548,1.00439,1.0033,1.0022,1.0011,1
1,1.00102,1.00204,1.00306,1.00408,1.0051,1.0061,1.00711,1.0081,1.00909,1.01007,1.01104,1.012,1.01295,1.01389,1.01481,1.01572,1.01662,1.0175,1.01836,1.0192,1.02003,1.02084,1.02163,1.0224,1.02314,1.02387,1.02457,1.02524,1.0259,1.02653,1.02713,1.02771,1.02826,1.02878,1.02927,1.02974,1.03018,1.03059,1.03096,1.03131,1.03163,1.03192,1.03217,1.0324,1.03259,1.03275,1.03288,1.03298,1.03304,1.03308,1.03308,1.03304,1.03298,1.03288,1.03275,1.03259,1.0324,1.03217,1.03192,1.03163,1.03131,1.03096,1.03059,1.03018,1.02974,1.02927,1.02878,1.02826,1.02771,1.02713,1.02653,1.0259,1.02524,1.02457,1.02387,1.02314,1.0224,1.02163,1.02084,1.02003,1.0192,1.01836,1.0175,1.01662,1.01572,1.01481,1.01389,1.01295,1.012,1.01104,1.01007,1.00909,1.0081,1.00711,1.0061,1.0051,1.00408,1.00306,1.00204,1.00102,1
1,1.00095,1.00189,1.00283,1.00377,1.00471,1.00564,1.00657,1.00749,1.00841,1.00931,1.01021,1.0111,1.01198,1.01284,1.0137,1.01454,1.01537,1.01618,1.01698,1.01776,1.01852,1.01927,1.02,1.02071,1.0214,1.02207,1.02271,1.02334,1.02395,1.02453,1.02508,1.02562,1.02613,1.02661,1.02707,1.0275,1.0279,1.02828,1.02863,1.02895,1.02924,1.02951,1.02975,1.02995,1.03013,1.03028,1.0304,1.03049,1.03055,1.03058,1.03058,1.03055,1.03049,1.0304,1.03028,1.03013,1.02995,1.02975,1.02951,1.02924,1.02895,1.02863,1.02828,1.0279,1.0275,1.02707,1.02661,1.02613,1.02562,1.02508,1.02453,1.02395,1.02334,1.02271,1.02207,1.0214,1.02071,1.02,1.01927,1.01852,1.01776,1.01698,1.01618,1.01537,1.01454,1.0137,1.01284,1.01198,1.0111,1.01021,1.00931,1.00841,1.00749,1.00657,1.00564,1.00471,1.00377,1.00283,1.00189,1.00095,1
1,1.00087,1.00174,1.00261,1.00347,1.00433,1.00519,1.00604,1.00689,1.00773,1.00856,1.00939,1.01021,1.01101,1.01181,1.01259,1.01337,1.01413,1.01488,1.01561,1.01633,1.01703,1.01772,1.01839,1.01904,1.01967,1.02029,1.02088,1.02146,1.02202,1.02255,1.02306,1.02355,1.02402,1.02446,1.02488,1.02528,1.02565,1.026,1.02632,1.02662,1.02689,1.02713,1.02735,1.02754,1.0277,1.02784,1.02795,1.02803,1.02809,1.02811,1.02811,1.02809,1.02803,1.02795,1.02784,1.0277,1.02754,1.02735,1.02713,1.02689,1.02662,1.02632,1.026,1.02565,1.02528,1.02488,1.02446,1.02402,1.02355,1.02306,1.02255,1.02202,1.02146,1.02088,1.02029,1.01967,1.01904,1.01839,1.01772,1.01703,1.01633,1.01561,1.01488,1.01413,1.01337,1.01259,1.01181,1.01101,1.01021,1.00939,1.00856,1.00773,1.00689,1.00604,1.00519,1.00433,1.00347,1.00261,1.00174,1.00087,1
1,1.00079,1.00159,1.00238,1.00317,1.00396,1.00474,1.00552,1.00629,1.00706,1.00782,1.00858,1.00932,1.01006,1.01079,1.0115,1.01221,1.0129,1.01359,1.01426,1.01491,1.01555,1.01618,1.01679,1.01739,1.01797,1.01853,1.01907,1.0196,1.02011,1.0206,1.02106,1.02151,1.02194,1.02234,1.02273,1.02309,1.02343,1.02374,1.02404,1.02431,1.02456,1.02478,1.02498,1.02515,1.0253,1.02543,1.02553,1.0256,1.02565,1.02568,1.02568,1.02565,1.0256,1.02553,1.02543,1.0253,1.02515,1.02498,1.02478,1.02456,1.02431,1.02404,1.02374,1.02343,1.02309,1.02273,1.02234,1.02194,1.02151,1.02106,1.0206,1.02011,1.0196,1.01907,1.01853,1.01797,1.01739,1.01679,1.01618,1.01555,1.01491,1.01426,1.01359,1.0129,1.01221,1.0115,1.01079,1.01006,1.00932,1.00858,1.00782,1.00706,1.00629,1.00552,1.00474,1.00396,1.00317,1.00238,1.00159,1.00079,1
1,1.00072,1.00144,1.00216,1.00287,1.00359,1.0043,1.005,1.0057,1.0064,1.00709,1.00777,1.00845,1.00911,1.00977,1.01042,1.01106,1.01169,1.01231,1.01292,1.01351,1.01409,1.01466,1.01522,1.01576,1.01628,1.01679,1.01728,1.01776,1.01822,1.01866,1.01908,1.01949,1.01988,1.02024,1.02059,1.02092,1.02123,1.02151,1.02178,1.02202,1.02225,1.02245,1.02263,1.02279,1.02292,1.02304,1.02313,1.02319,1.02324,1.02326,1.02326,1.02324,1.02319,1.02313,1.02304,1.02292,1.02279,1.02263,1.02245,1.02225,1.02202,1.02178,1.02151,1.02123,1.02092,1.02059,1.02024,1.01988,1.01949,1.01908,1.01866,1.01822,1.01776,1.01728,1.01679,1.01628,1.01576,1.01522,1.01466,1.01409,1.01351,1.01292,1.01231,1.01169,1.01106,1.01042,1.00977,1.00911,1.00845,1.00777,1.00709,1.0064,1.0057,1.005,1.0043,1.00359,1.00287,1.00216,1.00144,1.00072,1
1,1.00065,1.00129,1.00194,1.00258,1.00322,1.00385,1.00449,1.00512,1.00574,1.00636,1.00697,1.00758,1.00818,1.00877,1.00935,1.00993,1.01049,1.01105,1.01159,1.01212,1.01265,1.01316,1.01365,1.01414,1.01461,1.01507,1.01551,1.01593,1.01635,1.01674,1.01712,1.01749,1.01783,1.01816,1.01848,1.01877,1.01905,1.0193,1.01954,1.01976,1.01996,1.02014,1.0203,1.02045,1.02057,1.02067,1.02075,1.02081,1.02085,1.02087,1.02087,1.02085,1.02081,1.02075,1.02067,1.02057,1.02045,1.0203,1.02014,1.01996,1.01976,1.01954,1.0193,1.01905,1.01877,1.01848,1.01816,1.01783,1.01749,1.01712,1.01674,1.01635,1.01593,1.01551,1.01507,1.01461,1.01414,1.01365,1.01316,1.01265,1.01212,1.01159,1.01105,1.01049,1.00993,1.00935,1.00877,1.00818,1.00758,1.00697,1.00636,1.00574,1.00512,1.00449,1.00385,1.00322,1.00258,1.00194,1.00129,1.00065,1
1,1.00057,1.00114,1.00172,1.00229,1.00285,1.00342,1.00398,1.00454,1.00509,1.00564,1.00618,1.00672,1.00725,1.00777,1.00829,1.0088,1.0093,1.00979,1.01028,1.01075,1.01121,1.01166,1.0121,1.01253,1.01295,1.01336,1.01375,1.01413,1.01449,1.01484,1.01518,1.0155,1.01581,1.0161,1.01638,1.01664,1.01688,1.01711,1.01732,1.01752,1.0177,1.01786,1.018,1.01812,1.01823,1.01832,1.01839,1.01845,1.01848,1.0185,1.0185,1.01848,1.01845,1.01839,1.01832,1.01823,1.01812,1.018,1.01786,1.0177,1.01752,1.01732,1.01711,1.01688,1.01664,1.01638,1.0161,1.01581,1.0155,1.01518,1.01484,1.01449,1.01413,1.01375,1.01336,1.01295,1.01253,1.0121,1.01166,1.01121,1.01075,1.01028,1.00979,1.0093,1.0088,1.00829,1.00777,1.00725,1.00672,1.00618,1.00564,1.00509,1.00454,1.00398,1.00342,1.00285,1.00229,1.00172,1.00114,1.00057,1
1,1.0005,1.001,1.0015,1.00199,1.00249,1.00298,1.00347,1.00396,1.00444,1.00492,1.0054,1.00587,1.00633,1.00679,1.00724,1.00768,1.00812,1.00855,1.00897,1.00938,1.00979,1.01018,1.01057,1.01094,1.0113,1.01166,1.012,1.01233,1.01265,1.01296,1.01325,1.01353,1.0138,1.01405,1.0143,1.01452,1.01474,1.01494,1.01512,1.01529,1.01545,1.01559,1.01571,1.01582,1.01591,1.01599,1.01606,1.0161,1.01613,1.01615,1.01615,1.01613,1.0161,1.01606,1.01599,1.01591,1.01582,1.01571,1.01559,1.01545,1.01529,1.01512,1.01494,1.01474,1.01452,1.0143,1.01405,1.0138,1.01353,1.01325,1.01296,1.01265,1.01233,1.012,1.01166,1.0113,1.01094,1.01057,1.01018,1.00979,1.00938,1.00897,1.00855,1.00812,1.00768,1.00724,1.00679,1.00633,1.00587,1.0054,1.00492,1.00444,1.00396,1.00347,1.00298,1.00249,1.00199,1.0015,1.001,1.0005,1
1,1.00043,1.00085,1.00128,1.00171,1.00213,1.00255,1.00297,1.00339,1.0038,1.00421,1.00462,1.00502,1.00541,1.00581,1.00619,1.00657,1.00695,1.00731,1.00767,1.00803,1.00837,1.00871,1.00904,1.00936,1.00967,1.00997,1.01026,1.01055,1.01082,1.01108,1.01133,1.01157,1.0118,1.01202,1.01223,1.01242,1.01261,1.01278,1.01293,1.01308,1.01321,1.01333,1.01344,1.01353,1.01361,1.01368,1.01373,1.01377,1.0138,1.01381,1.01381,1.0138,1.01377,1.01373,1.01368,1.01361,1.01353,1.01344,1.01333,1.01321,1.01308,1.01293,1.01278,1.01261,1.01242,1.01223,1.01202,1.0118,1.01157,1.01133,1.01108,1.01082,1.01055,1.01026,1.00997,1.00967,1.00936,1.00904,1.00871,1.00837,1.00803,1.00767,1.00731,1.00695,1.00657,1.00619,1.00581,1.00541,1.00502,1.00462,1.00421,1.0038,1.00339,1.00297,1.00255,1.00213,1.00171,1.00128,1.00085,1.00043,1
1,1.00036,1.00071,1.00107,1.00142,1.00177,1.00212,1.00247,1.00282,1.00316,1.0035,1.00384,1.00417,1.0045,1.00483,1.00515,1.00547,1.00578,1.00608,1.00638,1.00668,1.00696,1.00724,1.00752,1.00778,1.00804,1.0083,1.00854,1.00877,1.009,1.00922,1.00943,1.00963,1.00982,1.01,1.01017,1.01033,1.01049,1.01063,1.01076,1.01088,1.01099,1.01109,1.01118,1.01126,1.01132,1.01138,1.01142,1.01146,1.01148,1.01149,1.01149,1.01148,1.01146,1.01142,1.01138,1.01132,1.01126,1.01118,1.01109,1.01099,1.01088,1.01076,1.01063,1.01049,1.01033,1.01017,1.01,1.00982,1.00963,1.00943,1.00922,1.009,1.00877,1.00854,1.0083,1.00804,1.00778,1.00752,1.00724,1.00696,1.00668,1.00638,1.00608,1.00578,1.00547,1.00515,1.00483,1.0045,1.00417,1.00384,1.0035,1.00316,1.00282,1.00247,1.00212,1.00177,1.00142,1.00107,1.00071,1.00036,1
1,1.00028,1.00057,1.00085,1.00113,1.00142,1.0017,1.00197,1.00225,1.00253,1.0028,1.00307,1.00333,1.0036,1.00386,1.00411,1.00437,1.00462,1.00486,1.0051,1.00533,1.00556,1.00579,1.00601,1.00622,1.00643,1.00663,1.00682,1.00701,1.00719,1.00736,1.00753,1.00769,1.00784,1.00799,1.00813,1.00826,1.00838,1.00849,1.00859,1.00869,1.00878,1.00886,1.00893,1.00899,1.00905,1.00909,1.00913,1.00915,1.00917,1.00918,1.00918,1.00917,1.00915,1.00913,1.00909,1.00905,1.00899,1.00893,1.00886,1.00878,1.00869,1.00859,1.00849,1.00838,1.00826,1.00813,1.00799,1.00784,1.00769,1.00753,1.00736,1.00719,1.00701,1.00682,1.00663,1.00643,1.00622,1.00601,1.00579,1.00556,1.00533,1.0051,1.00486,1.00462,1.00437,1.00411,1.00386,1.0036,1.00333,1.00307,1.0028,1.00253,1.00225,1.00197,1.0017,1.00142,1.00113,1.00085,1.00057,1.00028,1
1,1.00021,1.00043,1.00064,1.00085,1.00106,1.00127,1.00148,1.00169,1.00189,1.0021,1.0023,1.0025,1.0027,1.00289,1.00308,1.00327,1.00346,1.00364,1.00382,1.004,1.00417,1.00434,1.0045,1.00466,1.00481,1.00496,1.00511,1.00525,1.00539,1.00552,1.00564,1.00576,1.00588,1.00598,1.00609,1.00618,1.00628,1.00636,1.00644,1.00651,1.00658,1.00664,1.00669,1.00674,1.00678,1.00681,1.00684,1.00686,1.00687,1.00688,1.00688,1.00687,1.00686,1.00684,1.00681,1.00678,1.00674,1.00669,1.00664,1.00658,1.00651,1.00644,1.00636,1.00628,1.00618,1.00609,1.00598,1.00588,1.00576,1.00564,1.00552,1.00539,1.00525,1.00511,1.00496,1.00481,1.00466,1.0045,1.00434,1.00417,1.004,1.00382,1.00364,1.00346,1.00327,1.00308,1.00289,1.0027,1.0025,1.0023,1.0021,1.00189,1.00169,1.00148,1.00127,1.00106,1.00085,1.00064,1.00043,1.00021,1
1,1.00014,1.00028,1.00042,1.00057,1.00071,1.00085,1.00099,1.00112,1.00126,1.0014,1.00153,1.00166,1.0018,1.00193,1.00205,1.00218,1.0023,1.00243,1.00254,1.00266,1.00278,1.00289,1.003,1.0031,1.00321,1.00331,1.0034,1.0035,1.00359,1.00368,1.00376,1.00384,1.00391,1.00399,1.00406,1.00412,1.00418,1.00424,1.00429,1.00434,1.00438,1.00442,1.00446,1.00449,1.00451,1.00454,1.00455,1.00457,1.00458,1.00458,1.00458,1.00458,1.00457,1.00455,1.00454,1.00451,1.00449,1.00446,1.00442,1.00438,1.00434,1.00429,1.00424,1.00418,1.00412,1.00406,1.00399,1.00391,1.00384,1.00376,1.00368,1.00359,1.0035,1.0034,1.00331,1.00321,1.0031,1.003,1.00289,1.00278,1.00266,1.00254,1.00243,1.0023,1.00218,1.00205,1.00193,1.0018,1.00166,1.00153,1.0014,1.00126,1.00112,1.00099,1.00085,1.00071,1.00057,1.00042,1.00028,1.00014,1
1,1.00007,1.00014,1.00021,1.00028,1.00035,1.00042,1.00049,1.00056,1.00063,1.0007,1.00077,1.00083,1.0009,1.00096,1.00103,1.00109,1.00115,1.00121,1.00127,1.00133,1.00139,1.00144,1.0015,1.00155,1.0016,1.00165,1.0017,1.00175,1.00179,1.00184,1.00188,1.00192,1.00196,1.00199,1.00203,1.00206,1.00209,1.00212,1.00214,1.00217,1.00219,1.00221,1.00223,1.00224,1.00226,1.00227,1.00228,1.00228,1.00229,1.00229,1.00229,1.00229,1.00228,1.00228,1.00227,1.00226,1.00224,1.00223,1.00221,1.00219,1.00217,1.00214,1.00212,1.00209,1.00206,1.00203,1.00199,1.00196,1.00192,1.00188,1.00184,1.00179,1.00175,1.0017,1.00165,1.0016,1.00155,1.0015,1.00144,1.00139,1.00133,1.00127,1.00121,1.00115,1.00109,1.00103,1.00096,1.0009,1.00083,1.00077,1.0007,1.00063,1.00056,1.00049,1.00042,1.00035,1.00028,1.00021,1.00014,1.00007,1
1,1,1,1,1,1,1,1,1,1,1,1,1,1,1,1,1,1,1,1,1,1,1,1,1,1,1,1,1,1,1,1,1,1,1,1,1,1,1,1,1,1,1,1,1,1,1,1,1,1,1,1,1,1,1,1,1,1,1,1,1,1,1,1,1,1,1,1,1,1,1,1,1,1,1,1,1,1,1,1,1,1,1,1,1,1,1,1,1,1,1,1,1,1,1,1,1,1,1,1,1,1
